"Country or Area","Year","Value","Value Footnotes"
"Albania","2012","1.1","1"
"Albania","2008","0.4","1"
"Albania","2005","1.1","1"
"Albania","2002","2","1"
"Albania","1996","1.1","1"
"Algeria","2011","0.5","2"
"Algeria","1995","5.9","2"
"Algeria","1988","6.5","2"
"Angola","2008","30.1","1"
"Angola","2000","32.3","1"
"Argentina","2016","0.6","3"
"Argentina","2014","0.7","3"
"Argentina","2013","0.8","3"
"Argentina","2012","0.8","3"
"Argentina","2011","0.9","3"
"Argentina","2010","1.1","3"
"Argentina","2009","2.6","3"
"Argentina","2008","2.6","3"
"Argentina","2007","2.9","3"
"Argentina","2006","3.3","3"
"Argentina","2005","3.9","3"
"Argentina","2004","5.4","3"
"Argentina","2003","7","3"
"Argentina","2002","14","3"
"Argentina","2001","9.4","3"
"Argentina","2000","5.7","3"
"Argentina","1999","4.8","3"
"Argentina","1998","4.6","3"
"Argentina","1997","4.1","3"
"Argentina","1996","4.6","3"
"Argentina","1995","4.1","3"
"Argentina","1994","2.3","3"
"Argentina","1993","2.4","3"
"Argentina","1992","2.1","3"
"Argentina","1991","1.1","3"
"Argentina","1987","0","4"
"Argentina","1986","0","4"
"Argentina","1980","0.4","4"
"Armenia","2016","1.8","1"
"Armenia","2015","1.9","1"
"Armenia","2014","2.3","1"
"Armenia","2013","2.2","1"
"Armenia","2012","1.6","1"
"Armenia","2011","2.2","1"
"Armenia","2010","1.9","1"
"Armenia","2009","1.9","1"
"Armenia","2008","1.4","1"
"Armenia","2007","2.8","1"
"Armenia","2006","3.2","1"
"Armenia","2005","4.4","1"
"Armenia","2004","7.9","1"
"Armenia","2003","11.4","1"
"Armenia","2002","15.1","1"
"Armenia","2001","19.3","1"
"Armenia","1999","16.9","1"
"Australia","2010","0.5","5"
"Australia","2008","0.5","5"
"Australia","2003","1","5"
"Australia","2001","0.7","5"
"Australia","1995","0.7","5"
"Australia","1989","0.7","5"
"Australia","1985","1","5"
"Australia","1981","1","5"
"Austria","2015","0.7","5"
"Austria","2014","0.2","5"
"Austria","2013","0.2","5"
"Austria","2012","0.5","5"
"Austria","2011","0.5","5"
"Austria","2010","0.5","5"
"Austria","2009","0.5","5"
"Austria","2008","0.5","5"
"Austria","2007","0.5","5"
"Austria","2006","0","5"
"Austria","2005","0.2","5"
"Austria","2004","0","5"
"Austria","2003","0.2","5"
"Azerbaijan","2005","0","1"
"Azerbaijan","2004","0","1"
"Azerbaijan","2003","0","1"
"Azerbaijan","2002","0","1"
"Azerbaijan","2001","2.7","1"
"Azerbaijan","1995","7.3","1"
"Bangladesh","2016","14.8","1"
"Bangladesh","2010","19.6","1"
"Bangladesh","2005","25.7","1"
"Bangladesh","2000","34.8","1"
"Bangladesh","1995","35.7","1"
"Bangladesh","1991","44.2","1"
"Bangladesh","1988","37.8","2"
"Bangladesh","1985","25.4","2"
"Bangladesh","1983","29.9","2"
"Belarus","2016","0","1"
"Belarus","2015","0","1"
"Belarus","2014","0","1"
"Belarus","2013","0","1"
"Belarus","2012","0","1"
"Belarus","2011","0","1"
"Belarus","2010","0","1"
"Belarus","2009","0","1"
"Belarus","2008","0","1"
"Belarus","2007","0.1","1"
"Belarus","2006","0.1","1"
"Belarus","2005","0.4","1"
"Belarus","2004","0.3","1"
"Belarus","2003","1.4","1"
"Belarus","2002","2","1"
"Belarus","2001","3.2","1"
"Belarus","2000","7.1","1"
"Belarus","1999","10.4","1"
"Belarus","1998","11.5","1"
"Belgium","2015","0","5"
"Belgium","2014","0","5"
"Belgium","2013","0.2","5"
"Belgium","2012","0.2","5"
"Belgium","2011","0.2","5"
"Belgium","2010","0.2","5"
"Belgium","2009","0","5"
"Belgium","2008","0","5"
"Belgium","2007","0.2","5"
"Belgium","2006","0.2","5"
"Belgium","2005","0.2","5"
"Belgium","2004","0","5"
"Belgium","2003","0.2","5"
"Belize","1999","14.9","5"
"Belize","1998","15.1","5"
"Belize","1997","16","5"
"Belize","1996","13.3","5"
"Belize","1994","9.9","5"
"Belize","1993","10.1","5"
"Benin","2015","49.6","1"
"Benin","2011","53.1","1"
"Benin","2003","48.8","1"
"Bhutan","2017","1.5","1"
"Bhutan","2012","2.2","1"
"Bhutan","2007","8","1"
"Bhutan","2003","17.6","1"
"Bolivia","2016","7.1","5"
"Bolivia","2015","6.4","5"
"Bolivia","2014","5.8","5"
"Bolivia","2013","6.9","5"
"Bolivia","2012","8.2","5"
"Bolivia","2011","7.3","5"
"Bolivia","2009","10.5","5"
"Bolivia","2008","11.1","5"
"Bolivia","2007","12.4","5"
"Bolivia","2006","16.4","5"
"Bolivia","2005","19.3","5"
"Bolivia","2004","13.7","5"
"Bolivia","2002","24.7","5"
"Bolivia","2001","22.8","5"
"Bolivia","2000","28.6","5"
"Bolivia","1999","25.3","5"
"Bolivia","1997","19.3","5"
"Bolivia","1990","7.1","6"
"Bosnia and Herzegovina","2015","0.2","1"
"Bosnia and Herzegovina","2011","0.1","1"
"Bosnia and Herzegovina","2007","0.1","1"
"Bosnia and Herzegovina","2004","0.2","1"
"Bosnia and Herzegovina","2001","0.3","1"
"Botswana","2009","18.2","1"
"Botswana","2002","29.8","1"
"Botswana","1993","34.8","2"
"Botswana","1985","42.6","2"
"Brazil","2015","3.4","5"
"Brazil","2014","2.8","5"
"Brazil","2013","3.8","5"
"Brazil","2012","3.8","5"
"Brazil","2011","4.7","5"
"Brazil","2009","5.4","5"
"Brazil","2008","5.6","5"
"Brazil","2007","6.8","5"
"Brazil","2006","7.2","5"
"Brazil","2005","8.6","5"
"Brazil","2004","9.7","5"
"Brazil","2003","11.1","5"
"Brazil","2002","10.3","5"
"Brazil","2001","11.6","5"
"Brazil","1999","13.4","5"
"Brazil","1998","12.7","5"
"Brazil","1997","14","5"
"Brazil","1996","14.2","5"
"Brazil","1995","13","5"
"Brazil","1993","19.9","5"
"Brazil","1992","20.9","5"
"Brazil","1990","21.6","5"
"Brazil","1989","18.3","5"
"Brazil","1988","20.1","5"
"Brazil","1987","17.8","5"
"Brazil","1986","10.5","5"
"Brazil","1985","23.1","5"
"Brazil","1984","26.9","5"
"Brazil","1983","27.7","5"
"Brazil","1982","21.8","5"
"Brazil","1981","21.4","5"
"Bulgaria","2014","1.5","5"
"Bulgaria","2013","1.7","5"
"Bulgaria","2012","2","5"
"Bulgaria","2011","2.2","5"
"Bulgaria","2010","2","5"
"Bulgaria","2009","1.2","5"
"Bulgaria","2008","1.2","5"
"Bulgaria","2007","1.7","5"
"Bulgaria","2006","5.5","5"
"Bulgaria","1992","0","6"
"Burkina Faso","2014","43.7","1"
"Burkina Faso","2009","55.3","1"
"Burkina Faso","2003","57.3","1"
"Burkina Faso","1998","81.6","1"
"Burkina Faso","1994","83.1","1"
"Burundi","2013","71.7","1"
"Burundi","2006","77.7","1"
"Burundi","1998","84.1","1"
"Burundi","1992","81.1","2"
"CÃ´te d'Ivoire","2015","28.2","1"
"CÃ´te d'Ivoire","2008","29.1","1"
"CÃ´te d'Ivoire","2002","23.2","1"
"CÃ´te d'Ivoire","1998","25.8","1"
"CÃ´te d'Ivoire","1995","19.6","1"
"CÃ´te d'Ivoire","1992","22.4","1"
"CÃ´te d'Ivoire","1988","10.7","1"
"CÃ´te d'Ivoire","1987","6.8","1"
"CÃ´te d'Ivoire","1986","3.1","1"
"CÃ´te d'Ivoire","1985","6.8","1"
"Cabo Verde","2007","8.1","1"
"Cabo Verde","2001","16","1"
"Cameroon","2014","23.8","1"
"Cameroon","2007","29.3","1"
"Cameroon","2001","23.1","1"
"Cameroon","1996","48.1","1"
"Canada","2013","0.5","5"
"Canada","2010","0.2","5"
"Canada","2007","0.2","5"
"Canada","2004","0.2","5"
"Canada","2000","0.2","5"
"Canada","1998","0.5","5"
"Canada","1997","0.5","5"
"Canada","1994","0.2","5"
"Canada","1991","0.2","5"
"Canada","1987","0.2","5"
"Canada","1981","0.5","5"
"Central African Republic","2008","66.3","1"
"Central African Republic","2003","64.8","1"
"Central African Republic","1992","84.3","2"
"Chad","2011","38.4","1"
"Chad","2003","62.9","1"
"Chile","2015","1.3","5"
"Chile","2013","0.9","5"
"Chile","2011","1.6","5"
"Chile","2009","2.6","5"
"Chile","2006","2.4","5"
"Chile","2003","4.2","5"
"Chile","2000","4.4","5"
"Chile","1998","3.5","5"
"Chile","1996","3.4","5"
"Chile","1994","5","5"
"Chile","1992","4.7","5"
"Chile","1990","8.1","5"
"Chile","1987","11.7","5"
"China","2015","0.7","7"
"China","2014","1.4","7"
"China","2013","1.9","7"
"China","2012","6.5","7"
"China","2011","7.9","7"
"China","2010","11.2","7"
"China","2008","14.7","7"
"China","2005","18.7","7"
"China","2002","31.9","7"
"China","1999","40.5","7"
"China","1996","42","7"
"China","1993","57","7"
"China","1990","66.6","7"
"Colombia","2016","4.5","5"
"Colombia","2015","4.5","5"
"Colombia","2014","5","5"
"Colombia","2013","5.7","5"
"Colombia","2012","6.3","5"
"Colombia","2011","6.4","5"
"Colombia","2010","7.8","5"
"Colombia","2009","9","5"
"Colombia","2008","10.4","5"
"Colombia","2005","9.7","5"
"Colombia","2004","10.9","5"
"Colombia","2003","12","5"
"Colombia","2002","14.3","5"
"Colombia","2001","19.7","5"
"Colombia","2000","16.4","5"
"Colombia","1999","20.1","5"
"Colombia","1996","16.5","5"
"Colombia","1992","8.9","5"
"Comoros","2013","18.1","1"
"Comoros","2004","13.5","1"
"Congo","2011","37","1"
"Congo","2005","51.6","1"
"Costa Rica","2016","1.3","5"
"Costa Rica","2015","1.5","5"
"Costa Rica","2014","1.4","5"
"Costa Rica","2013","1.6","5"
"Costa Rica","2012","1.6","5"
"Costa Rica","2011","1.6","5"
"Costa Rica","2010","1.5","5"
"Costa Rica","2009","2.4","5"
"Costa Rica","2008","2.2","5"
"Costa Rica","2007","1.7","5"
"Costa Rica","2006","3.2","5"
"Costa Rica","2005","3.1","5"
"Costa Rica","2004","4.3","5"
"Costa Rica","2003","4.4","5"
"Costa Rica","2002","4.5","5"
"Costa Rica","2001","4.7","5"
"Costa Rica","2000","6.5","5"
"Costa Rica","1999","6.4","5"
"Costa Rica","1998","5.1","5"
"Costa Rica","1997","6.5","5"
"Costa Rica","1996","8","5"
"Costa Rica","1995","6.9","5"
"Costa Rica","1994","6.6","5"
"Costa Rica","1993","8","5"
"Costa Rica","1992","9.6","5"
"Costa Rica","1991","11.7","5"
"Costa Rica","1990","9.9","5"
"Costa Rica","1989","12","5"
"Costa Rica","1986","13.2","6"
"Costa Rica","1981","24.7","6"
"Croatia","2015","0.7","5"
"Croatia","2014","1","5"
"Croatia","2013","0.7","5"
"Croatia","2012","0.7","5"
"Croatia","2011","0.7","5"
"Croatia","2010","1.2","5"
"Croatia","2009","1","5"
"Croatia","1988","0","6"
"Cyprus","2015","0","5"
"Cyprus","2014","0","5"
"Cyprus","2013","0","5"
"Cyprus","2012","0","5"
"Cyprus","2011","0","5"
"Cyprus","2010","0","5"
"Cyprus","2009","0","5"
"Cyprus","2008","0","5"
"Cyprus","2007","0","5"
"Cyprus","2006","0","5"
"Cyprus","2005","0","5"
"Cyprus","2004","0","5"
"Czech Republic","2015","0","5"
"Czech Republic","2014","0","5"
"Czech Republic","2013","0","5"
"Czech Republic","2012","0","5"
"Czech Republic","2011","0","5"
"Czech Republic","2010","0","5"
"Czech Republic","2009","0","5"
"Czech Republic","2008","0","5"
"Czech Republic","2007","0","5"
"Czech Republic","2006","0","5"
"Czech Republic","2005","0","5"
"Czech Republic","2004","0","5"
"Czech Republic","1996","0.2","6"
"Czech Republic","1993","0","6"
"Dem. Rep. Congo","2012","77.1","1"
"Dem. Rep. Congo","2004","94.1","1"
"Denmark","2015","0.2","5"
"Denmark","2014","0.2","5"
"Denmark","2013","0.2","5"
"Denmark","2012","0","5"
"Denmark","2011","0","5"
"Denmark","2010","0","5"
"Denmark","2009","0.5","5"
"Denmark","2008","0.2","5"
"Denmark","2007","0","5"
"Denmark","2006","0.2","5"
"Denmark","2005","0.2","5"
"Denmark","2004","0.2","5"
"Denmark","2003","0.2","5"
"Djibouti","2013","22.5","1"
"Djibouti","2012","18.3","1"
"Djibouti","2002","20.6","1"
"Dominican Republic","2016","1.6","5"
"Dominican Republic","2015","1.9","5"
"Dominican Republic","2014","2.3","5"
"Dominican Republic","2013","2.4","5"
"Dominican Republic","2012","2.7","5"
"Dominican Republic","2011","2.9","5"
"Dominican Republic","2010","2.6","5"
"Dominican Republic","2009","3.3","5"
"Dominican Republic","2008","3.8","5"
"Dominican Republic","2007","4.5","5"
"Dominican Republic","2006","4.5","5"
"Dominican Republic","2005","5.8","5"
"Dominican Republic","2004","8.8","5"
"Dominican Republic","2003","6.9","5"
"Dominican Republic","2002","6","5"
"Dominican Republic","2001","4","5"
"Dominican Republic","2000","5.5","5"
"Dominican Republic","1997","5.2","5"
"Dominican Republic","1996","4.9","5"
"Dominican Republic","1992","5.3","6"
"Dominican Republic","1989","13.4","6"
"Dominican Republic","1986","5.2","6"
"East Asia & Pacific","2015","2.3","8"
"East Asia & Pacific","2013","3.6","8"
"East Asia & Pacific","2012","7.3","8"
"East Asia & Pacific","2011","8.6","8"
"East Asia & Pacific","2010","11.2","8"
"East Asia & Pacific","2008","15.1","8"
"East Asia & Pacific","2005","19.1","8"
"East Asia & Pacific","2002","29.9","8"
"East Asia & Pacific","1999","38.8","8"
"East Asia & Pacific","1996","41.1","8"
"East Asia & Pacific","1993","54","8"
"East Asia & Pacific","1990","61.6","8"
"East Asia & Pacific","1987","59.5","8"
"East Asia & Pacific","1984","70.5","8"
"East Asia & Pacific","1981","80.8","8"
"Ecuador","2016","3.6","5"
"Ecuador","2015","3.4","5"
"Ecuador","2014","2.6","5"
"Ecuador","2013","3.2","5"
"Ecuador","2012","4.5","5"
"Ecuador","2011","4.7","5"
"Ecuador","2010","5.6","5"
"Ecuador","2009","7.2","5"
"Ecuador","2008","7.5","5"
"Ecuador","2007","8.5","5"
"Ecuador","2006","8.1","5"
"Ecuador","2005","12.1","5"
"Ecuador","2004","15","5"
"Ecuador","2003","14.5","5"
"Ecuador","2000","28.2","5"
"Ecuador","1999","21.8","5"
"Ecuador","1998","15.7","5"
"Ecuador","1994","17.1","5"
"Ecuador","1987","17.6","6"
"Egypt","2015","1.3","9"
"Egypt","2012","2.3","9"
"Egypt","2010","3","9"
"Egypt","2008","3.9","9"
"Egypt","2004","4.4","9"
"Egypt","1999","2","10"
"Egypt","1995","4.6","10"
"Egypt","1990","7.4","10"
"El Salvador","2016","2.2","5"
"El Salvador","2015","1.9","5"
"El Salvador","2014","3","5"
"El Salvador","2013","3.2","5"
"El Salvador","2012","4.1","5"
"El Salvador","2011","4.5","5"
"El Salvador","2010","5.5","5"
"El Salvador","2009","6.4","5"
"El Salvador","2008","6.7","5"
"El Salvador","2007","4.5","5"
"El Salvador","2006","6.9","5"
"El Salvador","2005","10.4","5"
"El Salvador","2004","10.9","5"
"El Salvador","2003","14.8","5"
"El Salvador","2002","14","5"
"El Salvador","2001","13.5","5"
"El Salvador","2000","12.2","5"
"El Salvador","1999","16.3","5"
"El Salvador","1998","20","5"
"El Salvador","1996","14.1","5"
"El Salvador","1995","12.5","5"
"El Salvador","1991","20.7","5"
"El Salvador","1989","18","6"
"Estonia","2015","0.5","5"
"Estonia","2014","0.7","5"
"Estonia","2013","1","5"
"Estonia","2012","0.7","5"
"Estonia","2011","1","5"
"Estonia","2010","0.7","5"
"Estonia","2009","0.5","5"
"Estonia","2008","0.5","5"
"Estonia","2007","0.5","5"
"Estonia","2006","0.7","5"
"Estonia","2005","0.7","5"
"Estonia","2004","1","5"
"Estonia","2003","2.5","5"
"Estonia","1993","1.3","6"
"Eswatini","2009","42","1"
"Eswatini","2000","48.4","1"
"Eswatini","1994","81.7","2"
"Ethiopia","2015","26.7","1"
"Ethiopia","2010","33.6","1"
"Ethiopia","2004","36.4","1"
"Ethiopia","1999","55.5","1"
"Ethiopia","1995","67.1","1"
"Europe & Central Asia","2015","1.5","8"
"Europe & Central Asia","2013","1.6","8"
"Europe & Central Asia","2012","1.9","8"
"Europe & Central Asia","2011","2.1","8"
"Europe & Central Asia","2010","2.4","8"
"Europe & Central Asia","2008","2.8","8"
"Europe & Central Asia","2005","4.9","8"
"Europe & Central Asia","2002","5.9","8"
"Europe & Central Asia","1999","7.8","8"
"Europe & Central Asia","1996","7.2","8"
"Europe & Central Asia","1993","5","8"
"Fiji","2013","1.4","1"
"Fiji","2008","3.5","1"
"Fiji","2002","4.9","1"
"Finland","2015","0","5"
"Finland","2014","0","5"
"Finland","2013","0","5"
"Finland","2012","0","5"
"Finland","2011","0","5"
"Finland","2010","0","5"
"Finland","2009","0","5"
"Finland","2008","0","5"
"Finland","2007","0","5"
"Finland","2006","0","5"
"Finland","2005","0","5"
"Finland","2004","0","5"
"Finland","2003","0","5"
"Fragile and conflict affected situations","2015","35.2",""
"Fragile and conflict affected situations","2013","34.4",""
"Fragile and conflict affected situations","2012","35.3",""
"Fragile and conflict affected situations","2011","36.7",""
"Fragile and conflict affected situations","2010","37.1",""
"Fragile and conflict affected situations","2008","40",""
"Fragile and conflict affected situations","2005","44.7",""
"Fragile and conflict affected situations","2002","49.2",""
"Fragile and conflict affected situations","1999","52.4",""
"Fragile and conflict affected situations","1996","55.5",""
"Fragile and conflict affected situations","1993","58.2",""
"Fragile and conflict affected situations","1990","54.1",""
"Fragile and conflict affected situations","1987","53.9",""
"Fragile and conflict affected situations","1984","55.5",""
"Fragile and conflict affected situations","1981","54.2",""
"France","2015","0","5"
"France","2014","0","5"
"France","2013","0","5"
"France","2012","0","5"
"France","2011","0","5"
"France","2010","0","5"
"France","2009","0","5"
"France","2008","0","5"
"France","2007","0","5"
"France","2006","0","5"
"France","2005","0","5"
"France","2004","0","5"
"France","2003","0","5"
"Gabon","2017","3.4","1"
"Gabon","2005","8","1"
"Georgia","2016","4.2","1"
"Georgia","2015","4","1"
"Georgia","2014","5.3","1"
"Georgia","2013","6.9","1"
"Georgia","2012","9","1"
"Georgia","2011","11.6","1"
"Georgia","2010","13.3","1"
"Georgia","2009","10.4","1"
"Georgia","2008","12.4","1"
"Georgia","2007","13.3","1"
"Georgia","2006","11.6","1"
"Georgia","2005","12.1","1"
"Georgia","2004","11.3","1"
"Georgia","2003","11.6","1"
"Georgia","2002","11.5","1"
"Georgia","2001","20.9","1"
"Georgia","2000","21","1"
"Georgia","1999","19.9","1"
"Georgia","1998","15.7","1"
"Georgia","1997","17.6","1"
"Georgia","1996","6","2"
"Germany","2015","0","5"
"Germany","2013","0","5"
"Germany","2011","0","5"
"Germany","2010","0","5"
"Germany","2007","0","5"
"Germany","2006","0","5"
"Germany","2004","0","5"
"Germany","2001","0","5"
"Germany","2000","0","5"
"Germany","1994","0.2","5"
"Germany","1991","0","5"
"Ghana","2012","12","1"
"Ghana","2005","24.5","1"
"Ghana","1998","35.7","1"
"Ghana","1991","49.8","1"
"Ghana","1988","42.3","2"
"Ghana","1987","42.6","2"
"Greece","2015","1.5","5"
"Greece","2014","1.5","5"
"Greece","2013","1","5"
"Greece","2012","1.5","5"
"Greece","2011","1.2","5"
"Greece","2010","1","5"
"Greece","2009","0.5","5"
"Greece","2008","0.5","5"
"Greece","2007","0.5","5"
"Greece","2006","0.5","5"
"Greece","2005","0.2","5"
"Greece","2004","0.7","5"
"Greece","2003","0.5","5"
"Guatemala","2014","8.7","5"
"Guatemala","2006","11.1","5"
"Guatemala","2000","9.2","5"
"Guatemala","1998","13.4","6"
"Guatemala","1989","36.1","6"
"Guatemala","1986","48.6","6"
"Guinea","2012","35.3","1"
"Guinea","2007","59.7","1"
"Guinea","2002","62.2","1"
"Guinea","1994","49.3","1"
"Guinea","1991","91.6","2"
"Guinea-Bissau","2010","67.1","1"
"Guinea-Bissau","2002","53.9","1"
"Guinea-Bissau","1993","64","1"
"Guinea-Bissau","1991","43","2"
"Guyana","1998","14","6"
"Guyana","1992","33.9","6"
"Haiti","2012","23.5","1"
"High income","2015","0.7",""
"High income","2013","0.6",""
"High income","2012","0.6",""
"High income","2011","0.6",""
"High income","2010","0.6",""
"High income","2008","0.6",""
"High income","2005","0.7",""
"High income","2002","1",""
"High income","1999","0.7",""
"High income","1996","0.8",""
"High income","1993","0.7",""
"High income","1990","0.6",""
"High income","1987","0.7",""
"High income","1984","0.7",""
"High income","1981","0.7",""
"Honduras","2016","16","5"
"Honduras","2015","16.2","5"
"Honduras","2014","15.9","5"
"Honduras","2013","17.3","5"
"Honduras","2012","19.6","5"
"Honduras","2011","17.1","5"
"Honduras","2010","15","5"
"Honduras","2009","13.8","5"
"Honduras","2008","16.5","5"
"Honduras","2007","17.2","5"
"Honduras","2006","22.5","5"
"Honduras","2005","26.5","5"
"Honduras","2004","27.2","5"
"Honduras","2003","28.1","5"
"Honduras","2002","23.4","5"
"Honduras","2001","20.6","5"
"Honduras","1999","26.5","5"
"Honduras","1998","25.9","5"
"Honduras","1997","21.2","5"
"Honduras","1996","30.4","5"
"Honduras","1995","27.7","5"
"Honduras","1994","26.7","5"
"Honduras","1993","23.6","5"
"Honduras","1992","28.7","5"
"Honduras","1991","33.4","5"
"Honduras","1990","44.3","6"
"Honduras","1989","42.2","6"
"Hungary","2015","0.5","5"
"Hungary","2014","0.7","5"
"Hungary","2013","0.2","5"
"Hungary","2012","0.2","5"
"Hungary","2011","0","5"
"Hungary","2010","0","5"
"Hungary","2009","0","5"
"Hungary","2008","0","5"
"Hungary","2007","0","5"
"Hungary","2006","0.2","5"
"Hungary","2005","0.7","5"
"Hungary","2004","0.2","5"
"Hungary","1993","0.2","6"
"Hungary","1989","0.1","6"
"Hungary","1987","0.1","6"
"Iceland","2014","0","5"
"Iceland","2013","0","5"
"Iceland","2012","0","5"
"Iceland","2011","0.2","5"
"Iceland","2010","0.2","5"
"Iceland","2009","0","5"
"Iceland","2008","0","5"
"Iceland","2007","0","5"
"Iceland","2006","0.2","5"
"Iceland","2005","0","5"
"Iceland","2004","0.2","5"
"Iceland","2003","0","5"
"IDA total","2015","30.8",""
"IDA total","2013","31.8",""
"IDA total","2012","32.8",""
"IDA total","2011","34.2",""
"IDA total","2010","35.4",""
"IDA total","2008","37.6",""
"IDA total","2005","41.6",""
"IDA total","2002","49",""
"IDA total","1999","50.3",""
"IDA total","1996","50.4",""
"IDA total","1993","54.1",""
"IDA total","1990","53.6",""
"IDA total","1987","53.3",""
"IDA total","1984","52.6",""
"IDA total","1981","51.9",""
"India","2011","21.2","12"
"India","2009","31.1","12"
"India","2004","38.2","12"
"India","1993","45.9","12"
"India","1987","48.9","7"
"India","1983","54.8","7"
"India","1977","61.6","7"
"Indonesia","2017","5.7","12"
"Indonesia","2016","6.5","12"
"Indonesia","2015","7.2","12"
"Indonesia","2014","7.9","12"
"Indonesia","2013","9.4","12"
"Indonesia","2012","11.7","12"
"Indonesia","2011","13.3","12"
"Indonesia","2010","15.7","12"
"Indonesia","2009","18.2","12"
"Indonesia","2008","21.4","12"
"Indonesia","2007","22.5","12"
"Indonesia","2006","27.4","12"
"Indonesia","2005","21.1","12"
"Indonesia","2004","23.9","12"
"Indonesia","2003","22.6","12"
"Indonesia","2002","23","12"
"Indonesia","2001","35.5","12"
"Indonesia","2000","39.3","12"
"Indonesia","1999","41.7","12"
"Indonesia","1998","66.6","12"
"Indonesia","1996","47.4","12"
"Indonesia","1993","58.5","12"
"Indonesia","1990","58.8","7"
"Indonesia","1987","71.4","7"
"Indonesia","1984","71.4","7"
"Iran","2014","0.2","1"
"Iran","2013","0.1","1"
"Iran","2009","1","1"
"Iran","2006","0.4","1"
"Iran","2005","0.4","1"
"Iran","1998","2.6","2"
"Iran","1994","3.2","2"
"Iran","1990","5.6","2"
"Iran","1986","6.8","2"
"Iraq","2012","2.5","9"
"Iraq","2006","2.1","9"
"Ireland","2015","0.2","5"
"Ireland","2014","0.5","5"
"Ireland","2013","0.7","5"
"Ireland","2012","0.2","5"
"Ireland","2011","0.5","5"
"Ireland","2010","0.5","5"
"Ireland","2009","0.5","5"
"Ireland","2008","0.2","5"
"Ireland","2007","0","5"
"Ireland","2006","0.1","5"
"Ireland","2005","0","5"
"Ireland","2004","0","5"
"Ireland","2003","0.2","5"
"Israel","2012","0.5","5"
"Israel","2010","0.2","5"
"Israel","2007","0.5","5"
"Israel","2005","0.5","5"
"Israel","2001","0.2","5"
"Israel","1997","0.2","5"
"Israel","1992","0.2","5"
"Israel","1986","0.2","5"
"Israel","1979","0","5"
"Italy","2015","2","5"
"Italy","2014","1.2","5"
"Italy","2013","1.4","5"
"Italy","2012","1.2","5"
"Italy","2011","1.2","5"
"Italy","2010","1.2","5"
"Italy","2009","1","5"
"Italy","2008","0.7","5"
"Italy","2007","0.7","5"
"Italy","2006","0.7","5"
"Italy","2005","0.7","5"
"Italy","2004","0.7","5"
"Italy","2003","0.7","5"
"Jamaica","2004","1.7","1"
"Jamaica","2002","2.8","1"
"Jamaica","1999","2.6","1"
"Jamaica","1996","3.4","1"
"Jamaica","1993","9.8","2"
"Jamaica","1990","4.6","1"
"Jamaica","1988","6.1","2"
"Japan","2008","0.2","5"
"Jordan","2010","0.1","9"
"Jordan","2008","0.1","9"
"Jordan","2006","0.3","9"
"Jordan","2002","0.9","9"
"Jordan","1997","1.4","10"
"Jordan","1992","2.6","10"
"Jordan","1986","0","10"
"Kazakhstan","2015","0","1"
"Kazakhstan","2014","0","1"
"Kazakhstan","2013","0","1"
"Kazakhstan","2012","0","1"
"Kazakhstan","2011","0","1"
"Kazakhstan","2010","0.1","1"
"Kazakhstan","2009","0.2","1"
"Kazakhstan","2008","0.1","1"
"Kazakhstan","2007","0.3","1"
"Kazakhstan","2006","0.6","1"
"Kazakhstan","2005","6.9","1"
"Kazakhstan","2004","2.3","1"
"Kazakhstan","2003","4.6","1"
"Kazakhstan","2002","6.9","1"
"Kazakhstan","2001","10.5","1"
"Kazakhstan","1996","6.3","1"
"Kenya","2015","36.8","1"
"Kenya","2005","43.7","1"
"Kenya","1997","31.9","1"
"Kenya","1994","31.5","1"
"Kenya","1992","31.4","2"
"Kiribati","2006","12.9","1"
"Korea","2012","0.2","5"
"Korea","2010","0.5","5"
"Korea","2008","0.2","5"
"Korea","2006","0.2","5"
"Kosovo","2016","0.6","9"
"Kosovo","2015","0.4","9"
"Kosovo","2014","0.7","9"
"Kosovo","2013","0.3","9"
"Kosovo","2012","0.5","9"
"Kosovo","2011","1.4","9"
"Kosovo","2010","2.2","9"
"Kosovo","2009","2.7","9"
"Kosovo","2006","3.2","9"
"Kosovo","2005","3","9"
"Kosovo","2003","1.7","9"
"Kyrgyz Republic","2016","1.4","1"
"Kyrgyz Republic","2015","2.5","1"
"Kyrgyz Republic","2014","1.3","1"
"Kyrgyz Republic","2013","3.3","1"
"Kyrgyz Republic","2012","2.9","1"
"Kyrgyz Republic","2011","1.8","1"
"Kyrgyz Republic","2010","4.1","1"
"Kyrgyz Republic","2009","2.1","1"
"Kyrgyz Republic","2008","4","1"
"Kyrgyz Republic","2007","9.9","1"
"Kyrgyz Republic","2006","9.9","1"
"Kyrgyz Republic","2005","15.4","1"
"Kyrgyz Republic","2004","13.6","1"
"Kyrgyz Republic","2003","28.1","1"
"Kyrgyz Republic","2002","34.2","1"
"Kyrgyz Republic","2001","36.4","1"
"Kyrgyz Republic","2000","42.2","1"
"Kyrgyz Republic","1998","30.6","1"
"Lao PDR","2012","22.7","1"
"Lao PDR","2007","27","1"
"Lao PDR","2002","33.8","1"
"Lao PDR","1997","52.4","1"
"Lao PDR","1992","32.2","1"
"Latin America & Caribbean","2015","4.1","8"
"Latin America & Caribbean","2013","4.6","8"
"Latin America & Caribbean","2012","4.7","8"
"Latin America & Caribbean","2011","5.6","8"
"Latin America & Caribbean","2010","6","8"
"Latin America & Caribbean","2008","6.9","8"
"Latin America & Caribbean","2005","9.9","8"
"Latin America & Caribbean","2002","11.8","8"
"Latin America & Caribbean","1999","13.6","8"
"Latin America & Caribbean","1996","13.8","8"
"Latin America & Caribbean","1993","13.2","8"
"Latin America & Caribbean","1990","14.2","8"
"Latin America & Caribbean","1987","12.8","8"
"Latin America & Caribbean","1984","15.9","8"
"Latin America & Caribbean","1981","13","8"
"Latvia","2015","0.7","5"
"Latvia","2014","0.7","5"
"Latvia","2013","1.2","5"
"Latvia","2012","1","5"
"Latvia","2011","1","5"
"Latvia","2010","1.7","5"
"Latvia","2009","1.7","5"
"Latvia","2008","1.2","5"
"Latvia","2007","0.5","5"
"Latvia","2006","1.5","5"
"Latvia","2005","2.2","5"
"Latvia","2004","2.5","5"
"Latvia","1996","1.6","6"
"Latvia","1995","0","6"
"Latvia","1993","0","6"
"Lebanon","2011","0","9"
"Lesotho","2010","59.6","1"
"Lesotho","2002","61.3","1"
"Lesotho","1994","50.1","1"
"Lesotho","1986","49.2","2"
"Liberia","2014","38.6","1"
"Liberia","2007","68.6","1"
"Lithuania","2015","0.7","5"
"Lithuania","2014","1.2","5"
"Lithuania","2013","0.7","5"
"Lithuania","2012","1","5"
"Lithuania","2011","0.7","5"
"Lithuania","2010","1.5","5"
"Lithuania","2009","2.2","5"
"Lithuania","2008","1.5","5"
"Lithuania","2007","1.2","5"
"Lithuania","2006","1.5","5"
"Lithuania","2005","1.7","5"
"Lithuania","2004","2.7","5"
"Lithuania","1993","7","6"
"Low & middle income","2015","11.9",""
"Low & middle income","2013","13.3",""
"Low & middle income","2012","15.3",""
"Low & middle income","2011","16.4",""
"Low & middle income","2010","18.9",""
"Low & middle income","2008","21.8",""
"Low & middle income","2005","25",""
"Low & middle income","2002","31",""
"Low & middle income","1999","34.8",""
"Low & middle income","1996","35.9",""
"Low & middle income","1993","41.8",""
"Low & middle income","1990","44.5",""
"Low & middle income","1987","44.3",""
"Low & middle income","1984","49.4",""
"Low & middle income","1981","54.1",""
"Low income","2015","43.9",""
"Low income","2013","43.7",""
"Low income","2012","44.8",""
"Low income","2011","46.6",""
"Low income","2010","47.9",""
"Low income","2008","50.4",""
"Low income","2005","54",""
"Low income","2002","59.3",""
"Low income","1999","62.1",""
"Low income","1996","63.8",""
"Low income","1993","65",""
"Low income","1990","60.6",""
"Low income","1987","58.6",""
"Low income","1984","59.6",""
"Low income","1981","59.4",""
"Lower middle income","2015","13.9",""
"Lower middle income","2013","16.7",""
"Lower middle income","2012","18.4",""
"Lower middle income","2011","19.8",""
"Lower middle income","2010","23.1",""
"Lower middle income","2008","27.1",""
"Lower middle income","2005","30.8",""
"Lower middle income","2002","35.5",""
"Lower middle income","1999","37.9",""
"Lower middle income","1996","39.3",""
"Lower middle income","1993","43.5",""
"Lower middle income","1990","44.8",""
"Lower middle income","1987","48.3",""
"Lower middle income","1984","49.6",""
"Lower middle income","1981","51.7",""
"Luxembourg","2015","0.2","5"
"Luxembourg","2014","0.2","5"
"Luxembourg","2013","0.1","5"
"Luxembourg","2012","0","5"
"Luxembourg","2011","0","5"
"Luxembourg","2010","0","5"
"Luxembourg","2009","0","5"
"Luxembourg","2008","0","5"
"Luxembourg","2007","0","5"
"Luxembourg","2006","0","5"
"Luxembourg","2005","0","5"
"Luxembourg","2004","0","5"
"Luxembourg","2003","0","5"
"Macedonia","2014","5","5"
"Macedonia","2013","6","5"
"Macedonia","2012","7","5"
"Macedonia","2011","10.1","5"
"Macedonia","2010","10","5"
"Macedonia","2009","9.7","5"
"Madagascar","2012","77.6","1"
"Madagascar","2010","78.5","1"
"Madagascar","2005","72","1"
"Madagascar","2001","68.7","1"
"Madagascar","1999","63.9","1"
"Madagascar","1997","65.4","1"
"Madagascar","1993","68.9","1"
"Madagascar","1980","44.9","2"
"Malawi","2010","71.4","1"
"Malawi","2004","72.8","1"
"Malawi","1997","62.8","1"
"Malaysia","2015","0","5"
"Malaysia","2013","0","5"
"Malaysia","2011","0.1","5"
"Malaysia","2008","0.5","5"
"Malaysia","2007","0.5","5"
"Malaysia","2004","0.4","5"
"Malaysia","1997","0.4","6"
"Malaysia","1995","1.8","6"
"Malaysia","1992","1.3","6"
"Malaysia","1989","1.6","6"
"Malaysia","1987","2.1","6"
"Malaysia","1984","2.9","6"
"Maldives","2009","7.3","1"
"Maldives","2002","10","1"
"Mali","2009","49.7","1"
"Mali","2006","51.3","1"
"Mali","2001","58.5","1"
"Mali","1994","85.1","1"
"Malta","2015","0","5"
"Malta","2014","0","5"
"Malta","2013","0","5"
"Malta","2012","0.2","5"
"Malta","2011","0.2","5"
"Malta","2010","0.2","5"
"Malta","2009","0.5","5"
"Malta","2008","0.2","5"
"Malta","2007","0.5","5"
"Malta","2006","0.5","5"
"Mauritania","2014","6","1"
"Mauritania","2008","10.8","1"
"Mauritania","2004","14.4","1"
"Mauritania","2000","19.6","1"
"Mauritania","1995","20.6","1"
"Mauritania","1993","41.2","2"
"Mauritania","1987","40.1","2"
"Mauritius","2012","0.5","1"
"Mauritius","2006","0.4","1"
"Mexico","2016","2.5","1"
"Mexico","2014","4.1","1"
"Mexico","2012","3.4","1"
"Mexico","2010","4.2","1"
"Mexico","2008","4.1","1"
"Mexico","2006","3.4","1"
"Mexico","2005","6.2","1"
"Mexico","2004","5.2","1"
"Mexico","2002","6.6","1"
"Mexico","2000","8.9","1"
"Mexico","1998","11.2","1"
"Mexico","1996","11.2","1"
"Mexico","1994","6.6","1"
"Mexico","1992","7.7","1"
"Mexico","1984","8.1","1"
"Micronesia","2013","16","1"
"Micronesia","2005","8.5","1"
"Middle East & North Africa","2015","5","8"
"Middle East & North Africa","2013","2.6","8"
"Middle East & North Africa","2012","2.7","8"
"Middle East & North Africa","2011","2.7","8"
"Middle East & North Africa","2010","2.3","8"
"Middle East & North Africa","2008","2.7","8"
"Middle East & North Africa","2005","3","8"
"Middle East & North Africa","2002","3.2","8"
"Middle East & North Africa","1999","3.8","8"
"Middle East & North Africa","1996","5.8","8"
"Middle East & North Africa","1993","6.7","8"
"Middle East & North Africa","1990","6.2","8"
"Middle East & North Africa","1987","9","8"
"Middle East & North Africa","1984","9.7","8"
"Moldova","2016","0.2","1"
"Moldova","2015","0","1"
"Moldova","2014","0","1"
"Moldova","2013","0.1","1"
"Moldova","2012","0.3","1"
"Moldova","2011","0.3","1"
"Moldova","2010","0.5","1"
"Moldova","2009","1","1"
"Moldova","2008","1.3","1"
"Moldova","2007","1.1","1"
"Moldova","2006","2.4","1"
"Moldova","2005","14","2"
"Moldova","2004","8.7","1"
"Moldova","2003","7.6","1"
"Moldova","2002","16.6","1"
"Moldova","2001","27.6","1"
"Moldova","2000","35.9","1"
"Moldova","1999","39.1","1"
"Moldova","1998","27.6","1"
"Moldova","1997","16.1","1"
"Mongolia","2016","0.5","1"
"Mongolia","2014","0.2","1"
"Mongolia","2012","0.4","1"
"Mongolia","2011","0.6","1"
"Mongolia","2010","0.8","1"
"Mongolia","2007","1.3","1"
"Mongolia","2002","10.6","1"
"Mongolia","1998","26.9","2"
"Mongolia","1995","13.9","2"
"Montenegro","2014","0","1"
"Montenegro","2013","1","1"
"Montenegro","2012","1.3","1"
"Montenegro","2011","0.2","1"
"Montenegro","2010","0","1"
"Montenegro","2009","0","1"
"Montenegro","2008","0.2","1"
"Montenegro","2007","0.4","1"
"Montenegro","2006","0.1","1"
"Montenegro","2005","0.2","1"
"Morocco","2013","1","1"
"Morocco","2006","3.1","1"
"Morocco","2000","6.3","1"
"Morocco","1998","7.5","2"
"Morocco","1990","2.9","2"
"Morocco","1984","11.1","2"
"Mozambique","2014","62.9","1"
"Mozambique","2008","68.7","1"
"Mozambique","2002","79.3","1"
"Mozambique","1996","81.6","1"
"Myanmar","2015","6.4","9"
"Namibia","2015","13.4","1"
"Namibia","2009","22.6","1"
"Namibia","2003","31.5","1"
"Nepal","2010","15","1"
"Nepal","2003","46.1","1"
"Nepal","1995","61.9","1"
"Netherlands","2015","0","5"
"Netherlands","2014","0","5"
"Netherlands","2013","0","5"
"Netherlands","2012","0","5"
"Netherlands","2011","0","5"
"Netherlands","2010","0","5"
"Netherlands","2009","0.2","5"
"Netherlands","2008","0","5"
"Netherlands","2007","0","5"
"Netherlands","2006","0","5"
"Netherlands","2005","0","5"
"Netherlands","2004","0.2","5"
"Nicaragua","2014","3.2","5"
"Nicaragua","2009","7.3","5"
"Nicaragua","2005","8.3","5"
"Nicaragua","2001","16.5","5"
"Nicaragua","1998","24.2","5"
"Nicaragua","1993","36.3","5"
"Niger","2014","44.5","1"
"Niger","2011","50.3","1"
"Niger","2007","72","1"
"Niger","2005","74.9","1"
"Niger","1994","81.4","1"
"Niger","1992","78.2","2"
"Nigeria","2009","53.5","1"
"Nigeria","2003","53.5","1"
"Nigeria","1996","63.5","1"
"Nigeria","1992","57.1","1"
"Nigeria","1985","53.3","2"
"Norway","2015","0.2","5"
"Norway","2014","0","5"
"Norway","2013","0","5"
"Norway","2012","0","5"
"Norway","2011","0","5"
"Norway","2010","0","5"
"Norway","2009","0","5"
"Norway","2008","0.2","5"
"Norway","2007","0.2","5"
"Norway","2006","0.2","5"
"Norway","2005","0.2","5"
"Norway","2004","0.2","5"
"Norway","2003","0.2","5"
"Pakistan","2015","4","1"
"Pakistan","2013","6.1","1"
"Pakistan","2011","7.9","1"
"Pakistan","2010","8.3","1"
"Pakistan","2007","13.2","1"
"Pakistan","2005","16.5","1"
"Pakistan","2004","18","1"
"Pakistan","2001","28.6","1"
"Pakistan","1998","23.4","1"
"Pakistan","1996","15.9","1"
"Pakistan","1990","58.9","1"
"Pakistan","1987","62.2","1"
"Panama","2016","2.2","5"
"Panama","2015","2","5"
"Panama","2014","3.5","5"
"Panama","2013","2.8","5"
"Panama","2012","4.2","5"
"Panama","2011","3","5"
"Panama","2010","4.5","5"
"Panama","2009","3.2","5"
"Panama","2008","7","5"
"Panama","2007","7.8","5"
"Panama","2006","10.5","5"
"Panama","2005","10","5"
"Panama","2004","10.2","5"
"Panama","2003","11.2","5"
"Panama","2002","11.2","5"
"Panama","2001","15.5","5"
"Panama","2000","12.4","5"
"Panama","1999","13.4","5"
"Panama","1998","15.2","5"
"Panama","1997","15","5"
"Panama","1995","16.3","5"
"Panama","1991","21.9","5"
"Panama","1989","23.9","5"
"Panama","1979","8.1","6"
"Papua New Guinea","2009","38","1"
"Papua New Guinea","1996","53.2","1"
"Paraguay","2016","1.7","5"
"Paraguay","2015","1.9","5"
"Paraguay","2014","2.4","5"
"Paraguay","2013","1.8","5"
"Paraguay","2012","3.3","5"
"Paraguay","2011","5","5"
"Paraguay","2010","5.5","5"
"Paraguay","2009","5.8","5"
"Paraguay","2008","4.3","5"
"Paraguay","2007","7.8","5"
"Paraguay","2006","7.9","5"
"Paraguay","2005","6.1","5"
"Paraguay","2004","5.7","5"
"Paraguay","2003","8.3","5"
"Paraguay","2002","13.2","5"
"Paraguay","2001","8.9","5"
"Paraguay","1999","10.2","5"
"Paraguay","1997","10.6","5"
"Paraguay","1995","12.4","5"
"Paraguay","1990","1.2","5"
"Peru","2016","3.5","5"
"Peru","2015","3.6","5"
"Peru","2014","3.7","5"
"Peru","2013","4.3","5"
"Peru","2012","4.7","5"
"Peru","2011","5.2","5"
"Peru","2010","5.5","5"
"Peru","2009","7","5"
"Peru","2008","8.9","5"
"Peru","2007","11.1","5"
"Peru","2006","13.5","5"
"Peru","2005","15.5","5"
"Peru","2004","13.6","5"
"Peru","2003","11.9","5"
"Peru","2002","15.1","5"
"Peru","2001","17.1","5"
"Peru","2000","16.4","5"
"Peru","1999","17.6","5"
"Peru","1998","16.7","5"
"Peru","1997","17.9","5"
"Portugal","2015","0.5","5"
"Portugal","2014","0.5","5"
"Portugal","2013","0.7","5"
"Portugal","2012","0.7","5"
"Portugal","2011","0.5","5"
"Portugal","2010","0.2","5"
"Portugal","2009","0.2","5"
"Portugal","2008","0.2","5"
"Portugal","2007","0.2","5"
"Portugal","2006","0","5"
"Portugal","2005","0.5","5"
"Portugal","2004","0.5","5"
"Portugal","2003","1","5"
"Romania","2015","5.7","5"
"Romania","2014","7.5","5"
"Romania","2013","7.2","5"
"Romania","2012","6.7","5"
"Romania","2011","5.7","5"
"Romania","2010","4.5","5"
"Romania","2009","3.5","5"
"Romania","2008","4.5","5"
"Romania","2007","5.7","5"
"Romania","2006","8","5"
"Romania","1994","10.7","6"
"Romania","1992","0.6","6"
"Romania","1989","0.3","6"
"Russia","2015","0","1"
"Russia","2014","0","1"
"Russia","2013","0","1"
"Russia","2012","0","1"
"Russia","2011","0","1"
"Russia","2010","0.1","1"
"Russia","2009","0","1"
"Russia","2008","0.1","1"
"Russia","2007","0.1","1"
"Russia","2006","0.3","1"
"Russia","2005","0.5","1"
"Russia","2004","0.7","1"
"Russia","2003","0.8","1"
"Russia","2002","0.7","1"
"Russia","2001","1.3","1"
"Russia","2000","2.2","1"
"Russia","1999","3.4","1"
"Russia","1998","1.7","1"
"Russia","1997","1.1","1"
"Russia","1996","3.6","2"
"Russia","1993","2.4","2"
"Rwanda","2013","56","1"
"Rwanda","2010","62.4","1"
"Rwanda","2005","67.2","1"
"Rwanda","2000","76.5","1"
"Rwanda","1984","60.8","2"
"SÃ£o TomÃ© and Principe","2010","32.3","1"
"SÃ£o TomÃ© and Principe","2000","29.8","1"
"Samoa","2008","0.6","1"
"Senegal","2011","38","1"
"Senegal","2005","38.4","1"
"Senegal","2001","49.2","1"
"Senegal","1994","57.5","2"
"Senegal","1991","68.4","2"
"Seychelles","2013","1.1","5"
"Sierra Leone","2011","52.2","1"
"Sierra Leone","2003","61.3","1"
"Sierra Leone","1989","67.1","2"
"Slovak Republic","2015","0.7","5"
"Slovak Republic","2014","0.7","5"
"Slovak Republic","2013","0.2","5"
"Slovak Republic","2012","0.2","5"
"Slovak Republic","2011","0.5","5"
"Slovak Republic","2010","0.5","5"
"Slovak Republic","2009","0.4","5"
"Slovak Republic","2008","0.5","5"
"Slovak Republic","2007","0.2","5"
"Slovak Republic","2006","0.2","5"
"Slovak Republic","2005","0.2","5"
"Slovak Republic","2004","0","5"
"Slovak Republic","1996","0.5","6"
"Slovenia","2015","0","5"
"Slovenia","2014","0","5"
"Slovenia","2013","0","5"
"Slovenia","2012","0","5"
"Slovenia","2011","0","5"
"Slovenia","2010","0","5"
"Slovenia","2009","0","5"
"Slovenia","2008","0","5"
"Slovenia","2007","0","5"
"Slovenia","2006","0","5"
"Slovenia","2005","0","5"
"Slovenia","2004","0","5"
"Slovenia","1993","0","6"
"Solomon Islands","2013","25.1","1"
"Solomon Islands","2005","45.6","1"
"South Africa","2014","18.9","1"
"South Africa","2010","16.5","1"
"South Africa","2008","16.9","1"
"South Africa","2005","25","1"
"South Africa","2000","32.6","2"
"South Africa","1996","33.8","1"
"South Africa","1993","29.3","2"
"South Asia","2013","16.2","8"
"South Asia","2012","18.2","8"
"South Asia","2011","19.8","8"
"South Asia","2010","24.6","8"
"South Asia","2008","29.5","8"
"South Asia","2005","33.7","8"
"South Asia","2002","38.6","8"
"South Asia","1996","40.3","8"
"South Asia","1993","44.9","8"
"South Asia","1990","47.3","8"
"South Asia","1987","50.1","8"
"South Asia","1984","52.8","8"
"South Asia","1981","55.6","8"
"South Sudan","2009","42.7","9"
"Spain","2015","1","5"
"Spain","2014","0.7","5"
"Spain","2013","1.2","5"
"Spain","2012","1","5"
"Spain","2011","1.2","5"
"Spain","2010","0.7","5"
"Spain","2009","0.7","5"
"Spain","2008","0.5","5"
"Spain","2007","0.4","5"
"Spain","2006","0.7","5"
"Spain","2005","0.7","5"
"Spain","2004","0.7","5"
"Spain","2003","0.7","5"
"Sri Lanka","2016","0.7","1"
"Sri Lanka","2012","1.9","1"
"Sri Lanka","2009","2.4","1"
"Sri Lanka","2006","3.8","1"
"Sri Lanka","2002","8.3","1"
"Sri Lanka","1995","8.8","1"
"Sri Lanka","1990","8.7","1"
"Sri Lanka","1985","13.3","2"
"St. Lucia","1995","35.8","6"
"Sub-Saharan Africa","2015","41.1","8"
"Sub-Saharan Africa","2013","42.5","8"
"Sub-Saharan Africa","2012","43.8","8"
"Sub-Saharan Africa","2011","45.1","8"
"Sub-Saharan Africa","2010","46.6","8"
"Sub-Saharan Africa","2008","47.8","8"
"Sub-Saharan Africa","2005","50.7","8"
"Sub-Saharan Africa","2002","56.4","8"
"Sub-Saharan Africa","1999","57.7","8"
"Sub-Saharan Africa","1996","58.2","8"
"Sub-Saharan Africa","1993","58.9","8"
"Sub-Saharan Africa","1990","54.3","8"
"Sudan","2009","14.9","1"
"Suriname","1999","23.4","5"
"Sweden","2015","0.5","5"
"Sweden","2014","0.5","5"
"Sweden","2013","0.7","5"
"Sweden","2012","0.5","5"
"Sweden","2011","0.5","5"
"Sweden","2010","0.5","5"
"Sweden","2009","0.5","5"
"Sweden","2008","0.5","5"
"Sweden","2007","0.5","5"
"Sweden","2006","0.2","5"
"Sweden","2005","0.9","5"
"Sweden","2004","0.5","5"
"Sweden","2003","0.2","5"
"Switzerland","2015","0","5"
"Switzerland","2014","0","5"
"Switzerland","2013","0","5"
"Switzerland","2012","0","5"
"Switzerland","2011","0","5"
"Switzerland","2010","0","5"
"Switzerland","2009","0","5"
"Switzerland","2008","0","5"
"Switzerland","2007","0","5"
"Switzerland","2006","0","5"
"Syrian Arab Republic","2004","1.7","9"
"Tajikistan","2015","4.8","1"
"Tajikistan","2009","4.7","1"
"Tajikistan","2007","10.4","1"
"Tajikistan","2004","15.4","1"
"Tajikistan","2003","30.8","1"
"Tajikistan","1999","54.4","1"
"Tanzania","2011","49.1","1"
"Tanzania","2007","59.9","1"
"Tanzania","2000","86","1"
"Tanzania","1991","72.1","1"
"Thailand","2015","0","1"
"Thailand","2014","0","1"
"Thailand","2013","0","1"
"Thailand","2012","0.1","1"
"Thailand","2011","0","1"
"Thailand","2010","0.1","1"
"Thailand","2009","0.2","1"
"Thailand","2008","0.1","1"
"Thailand","2007","0.3","1"
"Thailand","2006","0.7","1"
"Thailand","2004","0.8","1"
"Thailand","2002","1.1","1"
"Thailand","2000","2.5","1"
"Thailand","1999","2.5","1"
"Thailand","1998","1.5","1"
"Thailand","1996","2.2","1"
"Thailand","1994","3.2","1"
"Thailand","1992","6.6","1"
"Thailand","1990","9.4","1"
"Thailand","1988","14.3","2"
"Thailand","1981","19.6","2"
"The Gambia","2015","10.1","1"
"The Gambia","2010","25.1","1"
"The Gambia","2003","45.3","1"
"The Gambia","1998","70.5","1"
"Timor-Leste","2014","30.3","1"
"Timor-Leste","2007","47","1"
"Timor-Leste","2001","46","1"
"Togo","2015","49.2","1"
"Togo","2011","54.2","1"
"Togo","2006","55.6","1"
"Tonga","2009","1.1","1"
"Tonga","2001","2.8","1"
"Trinidad and Tobago","1992","3.4","6"
"Trinidad and Tobago","1988","0.7","6"
"Tunisia","2010","2","1"
"Tunisia","2005","3.1","1"
"Tunisia","2000","5.3","2"
"Tunisia","1995","10.9","2"
"Tunisia","1990","9.8","2"
"Tunisia","1985","13.9","2"
"Turkey","2016","0.2","1"
"Turkey","2015","0.3","1"
"Turkey","2014","0.3","1"
"Turkey","2013","0.3","1"
"Turkey","2012","0.3","1"
"Turkey","2011","0.3","1"
"Turkey","2010","0.8","1"
"Turkey","2009","0.9","1"
"Turkey","2008","0.6","1"
"Turkey","2007","1.4","1"
"Turkey","2006","1.9","1"
"Turkey","2005","2.6","1"
"Turkey","2004","2.1","1"
"Turkey","2003","3.7","1"
"Turkey","2002","1.7","1"
"Turkey","1994","2.6","2"
"Turkey","1987","1.7","2"
"Turkmenistan","1998","51.4","10"
"Tuvalu","2010","3.3","1"
"Uganda","2016","41.6","1"
"Uganda","2012","35.9","1"
"Uganda","2009","43.5","1"
"Uganda","2005","55.4","1"
"Uganda","2002","64.1","1"
"Uganda","1999","66","1"
"Uganda","1996","61.3","1"
"Uganda","1992","62.9","1"
"Uganda","1989","56.8","2"
"Ukraine","2016","0.1","1"
"Ukraine","2015","0.1","1"
"Ukraine","2014","0","1"
"Ukraine","2013","0","1"
"Ukraine","2012","0","1"
"Ukraine","2011","0","1"
"Ukraine","2010","0","1"
"Ukraine","2009","0.1","1"
"Ukraine","2008","0","1"
"Ukraine","2007","0.1","1"
"Ukraine","2006","0.1","1"
"Ukraine","2005","0.3","1"
"Ukraine","2004","0.6","1"
"Ukraine","2003","0.6","1"
"Ukraine","2002","1.7","1"
"Ukraine","1996","5.4","1"
"Ukraine","1995","5.4","2"
"Ukraine","1993","1.3","1"
"Ukraine","1992","3","1"
"United Kingdom","2015","0.2","5"
"United Kingdom","2014","0.2","5"
"United Kingdom","2013","0.2","5"
"United Kingdom","2012","0.2","5"
"United Kingdom","2011","0.2","5"
"United Kingdom","2010","0.2","5"
"United Kingdom","2009","0.2","5"
"United Kingdom","2008","0.2","5"
"United Kingdom","2007","0.2","5"
"United Kingdom","2006","0.2","5"
"United Kingdom","2005","0.5","5"
"United Kingdom","2004","0.5","5"
"United States","2016","1.2","5"
"United States","2013","1","5"
"United States","2010","1","5"
"United States","2007","1","5"
"United States","2004","1","5"
"United States","2000","0.7","5"
"United States","1997","0.7","5"
"United States","1994","0.7","5"
"United States","1991","0.5","5"
"United States","1986","0.5","5"
"United States","1979","0.5","5"
"Upper middle income","2015","1.7",""
"Upper middle income","2013","2.4",""
"Upper middle income","2012","4.9",""
"Upper middle income","2011","5.8",""
"Upper middle income","2010","7.8",""
"Upper middle income","2008","9.9",""
"Upper middle income","2005","13.1",""
"Upper middle income","2002","21.1",""
"Upper middle income","1999","26.9",""
"Upper middle income","1996","28",""
"Upper middle income","1993","36.5",""
"Upper middle income","1990","41.8",""
"Upper middle income","1987","38.6",""
"Upper middle income","1984","47.9",""
"Upper middle income","1981","55.5",""
"Uruguay","2016","0.1","5"
"Uruguay","2015","0.1","5"
"Uruguay","2014","0.1","5"
"Uruguay","2013","0.2","5"
"Uruguay","2012","0.1","5"
"Uruguay","2011","0.1","5"
"Uruguay","2010","0.1","5"
"Uruguay","2009","0.2","5"
"Uruguay","2008","0.2","5"
"Uruguay","2007","0.3","5"
"Uruguay","2006","0.5","5"
"Uruguay","1989","0.6","5"
"Uruguay","1981","0","6"
"Uzbekistan","2003","62.1","9"
"Uzbekistan","2002","58.2","9"
"Uzbekistan","2000","62","9"
"Uzbekistan","1998","40.2","9"
"Vanuatu","2010","13.2","1"
"Venezuela","2006","10.2","5"
"Venezuela","2005","18.9","5"
"Venezuela","2004","19.8","5"
"Venezuela","2003","22.7","5"
"Venezuela","2002","18.2","5"
"Venezuela","2001","11","5"
"Venezuela","1999","12","5"
"Venezuela","1998","12.8","5"
"Venezuela","1995","10.4","5"
"Venezuela","1992","4.8","5"
"Venezuela","1989","7.4","5"
"Venezuela","1987","6.1","6"
"Venezuela","1981","5.8","6"
"Vietnam","2016","2","1"
"Vietnam","2014","2.6","1"
"Vietnam","2012","2.8","1"
"Vietnam","2010","4.2","1"
"Vietnam","2008","14.8","1"
"Vietnam","2006","19.5","1"
"Vietnam","2004","26.5","1"
"Vietnam","2002","38","1"
"Vietnam","1998","35.5","1"
"Vietnam","1992","52.9","1"
"West Bank and Gaza","2016","1","1"
"West Bank and Gaza","2011","0.2","1"
"West Bank and Gaza","2010","0.2","1"
"West Bank and Gaza","2009","0.3","1"
"West Bank and Gaza","2007","1.5","1"
"West Bank and Gaza","2006","0.3","1"
"West Bank and Gaza","2005","0.9","1"
"West Bank and Gaza","2004","1.1","1"
"World","2015","10","8"
"World","2013","11.2","8"
"World","2012","12.8","8"
"World","2011","13.7","8"
"World","2010","15.7","8"
"World","2008","18.1","8"
"World","2005","20.7","8"
"World","2002","25.6","8"
"World","1999","28.6","8"
"World","1996","29.4","8"
"World","1993","33.9","8"
"World","1990","35.9","8"
"World","1987","35.4","8"
"World","1984","39.2","8"
"World","1981","42.2","8"
"Yemen","2014","18.8","9"
"Yemen","2005","9.8","9"
"Yemen","1998","7.4","9"
"Zambia","2015","57.5","1"
"Zambia","2010","64.4","1"
"Zambia","2006","60.5","1"
"Zambia","2004","56.7","1"
"Zambia","2002","49.4","1"
"Zambia","1998","42.1","1"
"Zambia","1996","41.7","1"
"Zambia","1993","54.5","2"
"Zambia","1991","54.1","1"
"Zimbabwe","2011","21.4","2"

"footnoteSeqID","Footnote"
"1","Estimated from unit-record consumption data."
"2","Estimated from grouped consumption data."
"3","Estimated from unit-record income data. Urban only. PPP is regression based."
"4","Estimated from grouped income data. Urban only. PPP is regression based."
"5","Estimated from unit-record income data."
"6","Estimated from grouped income data."
"7","Estimated from grouped consumption data. National estimate is based on aggregation of rural and urban distributions. See PovcalNet (http://iresearch.worldbank.org/PovcalNet) for separate rural and urban estimates."
"8","Retrieved on Sept 19, 2018 from World Bank, PovcalNet (http://iresearch.worldbank.org/PovcalNet/index.htm). The income-country categories within the six geographical regions are (a) low- and middle-income countries and (b) countries eligible to receive loans from the World Bank (such as Chile) and recently graduated countries (such as Estonia). See (http://iresearch.worldbank.org/PovcalNet/data.aspx)."
"9","Estimated from unit-record consumption data. PPP is regression based."
"10","Estimated from grouped consumption data. PPP is regression based."
"12","Estimated from unit-record consumption data. National estimate is based on aggregation of rural and urban distributions. See PovcalNet (http://iresearch.worldbank.org/PovcalNet) for separate rural and urban estimates."
