"Country or Area","Year","Value","Value Footnotes"
"Afghanistan","2014","6.39",""
"Afghanistan","2013","5.9",""
"Afghanistan","2012","5.45454545454545",""
"Afghanistan","2011","5",""
"Afghanistan","2010","4",""
"Afghanistan","2009","3.55",""
"Afghanistan","2008","1.84",""
"Afghanistan","2007","1.9",""
"Afghanistan","2006","2.10712364546412",""
"Afghanistan","2005","1.22414808372471",""
"Afghanistan","2004","0.105809030021958",""
"Afghanistan","2003","0.0878912528559713",""
"Afghanistan","2002","0.00456139517022146",""
"Afghanistan","2001","0.00472256824217368",""
"Albania","2014","60.1",""
"Albania","2013","57.2",""
"Albania","2012","54.6559590399494",""
"Albania","2011","49",""
"Albania","2010","45",""
"Albania","2009","41.2",""
"Albania","2008","23.86",""
"Albania","2007","15.0361154084109",""
"Albania","2006","9.60999131577118",""
"Albania","2005","6.04389086404814",""
"Albania","2004","2.42038779776014",""
"Albania","2003","0.971900415195857",""
"Albania","2002","0.39008127343332",""
"Albania","2001","0.325798377067964",""
"Algeria","2014","18.09",""
"Algeria","2013","16.5",""
"Algeria","2012","15.2280267564417",""
"Algeria","2011","14",""
"Algeria","2010","12.5",""
"Algeria","2009","11.23",""
"Algeria","2008","10.18",""
"Algeria","2007","9.45119062555304",""
"Algeria","2006","7.37598495634886",""
"Algeria","2005","5.84394209201256",""
"Algeria","2004","4.63447508776537",""
"Algeria","2003","2.19535973086144",""
"Algeria","2002","1.59164126035832",""
"Algeria","2001","0.646114016703792",""
"Andorra","2014","95.9",""
"Andorra","2013","94",""
"Andorra","2012","86.4344246167258",""
"Andorra","2011","81",""
"Andorra","2010","81",""
"Andorra","2009","78.53",""
"Andorra","2008","70.04",""
"Andorra","2007","70.87",""
"Andorra","2006","48.9368469989479",""
"Andorra","2005","37.6057662174867",""
"Andorra","2004","26.8379543894637",""
"Andorra","2003","13.546412876439",""
"Andorra","2002","11.2604687170103",""
"Angola","2014","21.26",""
"Angola","2013","19.1",""
"Angola","2012","16.9372101137398",""
"Angola","2011","14.776",""
"Angola","2010","10",""
"Angola","2009","6",""
"Angola","2008","4.6",""
"Angola","2007","3.2",""
"Angola","2006","1.90764750723428",""
"Angola","2005","1.1433668265595",""
"Angola","2004","0.464814617985909",""
"Angola","2003","0.370682065225727",""
"Angola","2002","0.270376745595134",""
"Angola","2001","0.136013867429868",""
"Antigua and Barbuda","2014","64",""
"Antigua and Barbuda","2013","63.4",""
"Antigua and Barbuda","2012","58",""
"Antigua and Barbuda","2011","52","1"
"Antigua and Barbuda","2010","47",""
"Antigua and Barbuda","2009","42",""
"Antigua and Barbuda","2008","38",""
"Antigua and Barbuda","2007","34",""
"Antigua and Barbuda","2006","30",""
"Antigua and Barbuda","2005","27",""
"Antigua and Barbuda","2004","24.2665437161785",""
"Antigua and Barbuda","2003","17.2286487816884",""
"Antigua and Barbuda","2002","12.5",""
"Antigua and Barbuda","2001","8.89928551450583",""
"Argentina","2014","64.7",""
"Argentina","2013","59.9",""
"Argentina","2012","55.8",""
"Argentina","2011","51","2"
"Argentina","2010","45",""
"Argentina","2009","34",""
"Argentina","2008","28.1126234799907",""
"Argentina","2007","25.9466329403819",""
"Argentina","2006","20.9272021035896",""
"Argentina","2005","17.7205833696065",""
"Argentina","2004","16.0366841054923",""
"Argentina","2003","11.9136965509954",""
"Argentina","2002","10.8821243775325",""
"Argentina","2001","9.78080728532407",""
"Armenia","2014","46.3",""
"Armenia","2013","41.9","3"
"Armenia","2012","37.5",""
"Armenia","2011","32",""
"Armenia","2010","25",""
"Armenia","2009","15.3",""
"Armenia","2008","6.21",""
"Armenia","2007","6.02125339712607",""
"Armenia","2006","5.63178777731609",""
"Armenia","2005","5.25298335195804",""
"Armenia","2004","4.8990085713054",""
"Armenia","2003","4.57521722477781",""
"Armenia","2002","1.9604050458212",""
"Armenia","2001","1.63109466677715",""
"Aruba","2014","83.78",""
"Aruba","2013","78.9",""
"Aruba","2012","74",""
"Aruba","2011","69",""
"Aruba","2010","62",""
"Aruba","2009","58",""
"Aruba","2008","52",""
"Aruba","2007","30.9",""
"Aruba","2006","28",""
"Aruba","2005","25.4",""
"Aruba","2004","23",""
"Aruba","2003","20.8",""
"Aruba","2002","18.8",""
"Aruba","2001","17.1",""
"Australia","2014","84.56",""
"Australia","2013","83","4"
"Australia","2012","79","4"
"Australia","2011","79.4876977139029","5"
"Australia","2010","76",""
"Australia","2009","74.25","6"
"Australia","2008","71.67","6"
"Australia","2007","69.45","6"
"Australia","2006","66","6"
"Australia","2005","63","6"
"Australia","2001","52.6892664310395",""
"Austria","2014","81","7"
"Austria","2013","80.6188","7"
"Austria","2012","80.0299939169903","8"
"Austria","2011","78.7399930986888","9"
"Austria","2010","75.17","7"
"Austria","2009","73.45","7"
"Austria","2008","72.87","7"
"Austria","2007","69.37","7"
"Austria","2006","63.6","7"
"Austria","2005","58","7"
"Austria","2004","54.28","7"
"Austria","2003","42.7","7"
"Austria","2002","36.56","10"
"Austria","2001","39.1854501811114","11"
"Azerbaijan","2014","61",""
"Azerbaijan","2013","58.7",""
"Azerbaijan","2012","54.2",""
"Azerbaijan","2011","50","12"
"Azerbaijan","2010","46","12"
"Azerbaijan","2009","27.4","12"
"Azerbaijan","2008","17.08","12"
"Azerbaijan","2007","14.54",""
"Azerbaijan","2006","11.9921773343674",""
"Azerbaijan","2005","8.03037535616454",""
"Azerbaijan","2002","4.99971367812957",""
"Azerbaijan","2001","0.305564637615618",""
"Bahamas","2014","76.92",""
"Bahamas","2013","72",""
"Bahamas","2012","71.7482028146963",""
"Bahamas","2011","65",""
"Bahamas","2010","43",""
"Bahamas","2009","33.88",""
"Bahamas","2008","31.54",""
"Bahamas","2007","27",""
"Bahamas","2006","26",""
"Bahamas","2005","25",""
"Bahamas","2004","22",""
"Bahamas","2003","20",""
"Bahamas","2002","18","13"
"Bahamas","2001","11.8","13"
"Bahrain","2014","90.99998","6"
"Bahrain","2013","90.0000397","6"
"Bahrain","2012","88","14"
"Bahrain","2011","76.9999665032303","15"
"Bahrain","2010","55",""
"Bahrain","2009","53",""
"Bahrain","2008","51.95",""
"Bahrain","2007","32.91",""
"Bahrain","2006","28.2439524318043",""
"Bahrain","2005","21.3037335136591",""
"Bahrain","2004","21.4586805077435",""
"Bahrain","2003","21.5549449917804",""
"Bahrain","2002","18.0507208881153",""
"Bahrain","2001","15.0386342513918",""
"Bangladesh","2014","9.6",""
"Bangladesh","2013","6.63","16"
"Bangladesh","2012","5",""
"Bangladesh","2011","4.5",""
"Bangladesh","2010","3.7",""
"Bangladesh","2009","3.1",""
"Bangladesh","2008","2.5",""
"Bangladesh","2007","1.8",""
"Bangladesh","2006","1",""
"Bangladesh","2005","0.24163732563671",""
"Bangladesh","2004","0.199036333744363",""
"Bangladesh","2003","0.163877665498048",""
"Bangladesh","2002","0.13992028850905",""
"Bangladesh","2001","0.129807973947512",""
"Barbados","2014","76.67",""
"Barbados","2013","73",""
"Barbados","2012","70",""
"Barbados","2011","67",""
"Barbados","2010","65.1",""
"Barbados","2009","64.7",""
"Barbados","2008","61.4",""
"Barbados","2007","58.2",""
"Barbados","2006","55.3",""
"Barbados","2005","52.5",""
"Barbados","2004","49.8",""
"Barbados","2003","39.6896271159532",""
"Barbados","2002","27.836322424146",""
"Barbados","2001","11.9364503383984",""
"Belarus","2014","59.02","17"
"Belarus","2013","54.17","17"
"Belarus","2012","46.91","18"
"Belarus","2011","39.6488956598961","18"
"Belarus","2010","31.8","18"
"Belarus","2009","27.43","18"
"Belarus","2008","23","18"
"Belarus","2007","19.7","18"
"Belarus","2006","16.2","18"
"Belarus","2002","8.95097131467325",""
"Belarus","2001","4.30061602151712",""
"Belgium","2014","85","7"
"Belgium","2013","82.1702","7"
"Belgium","2012","80.7199905482042","8"
"Belgium","2011","81.6099959955952","9"
"Belgium","2010","75",""
"Belgium","2009","70",""
"Belgium","2008","66",""
"Belgium","2007","64.44",""
"Belgium","2006","59.72",""
"Belgium","2005","55.82",""
"Belgium","2004","53.86",""
"Belgium","2003","49.97",""
"Belgium","2002","46.33",""
"Belgium","2001","31.2883955056566",""
"Belize","2014","38.7",""
"Belize","2013","33.6",""
"Belize","2012","31",""
"Belize","2011","30.7",""
"Belize","2010","28.2","19"
"Belize","2009","27.2",""
"Belize","2008","26.3",""
"Belize","2007","24.6",""
"Belize","2006","24",""
"Belize","2005","17",""
"Belize","2004","9.8",""
"Belize","2002","5.68425121358763",""
"Benin","2014","5.3",""
"Benin","2013","4.9",""
"Benin","2012","4.5",""
"Benin","2011","4.14832306562512","20"
"Benin","2010","3.13",""
"Benin","2009","2.24",""
"Benin","2008","1.85",""
"Benin","2007","1.79",""
"Benin","2006","1.53785434624704",""
"Benin","2005","1.27103143947107",""
"Benin","2004","1.18254096518994",""
"Benin","2003","0.951327114915695",""
"Benin","2002","0.7029455951039",""
"Benin","2001","0.363417890016082",""
"Bermuda","2014","96.8",""
"Bermuda","2013","95.3",""
"Bermuda","2012","91.2993045243401",""
"Bermuda","2011","88.336",""
"Bermuda","2010","84.21",""
"Bermuda","2009","83.25",""
"Bermuda","2008","82.3","21"
"Bermuda","2007","74.3505940302669",""
"Bermuda","2006","69.8996551617012",""
"Bermuda","2005","65.4470657898838",""
"Bermuda","2004","60.9908670086326",""
"Bermuda","2003","56.5220121836337",""
"Bermuda","2002","52.0315973700393",""
"Bermuda","2001","47.5096998970623",""
"Bhutan","2014","34.37",""
"Bhutan","2013","29.9",""
"Bhutan","2012","24",""
"Bhutan","2011","21","22"
"Bhutan","2010","13.6","23"
"Bhutan","2009","7.17",""
"Bhutan","2008","6.55",""
"Bhutan","2007","5.92",""
"Bhutan","2006","4.5183172581646",""
"Bhutan","2005","3.84710674490143",""
"Bhutan","2004","3.15698419613711",""
"Bhutan","2003","2.43691239949767",""
"Bhutan","2002","1.67580258375242",""
"Bhutan","2001","0.864628564215099",""
"Bolivia","2014","39.02",""
"Bolivia","2013","36.94","19"
"Bolivia","2012","35.34","19"
"Bolivia","2011","30",""
"Bolivia","2010","22.4",""
"Bolivia","2009","16.8",""
"Bolivia","2008","12.5",""
"Bolivia","2007","10.4992443168903",""
"Bolivia","2006","6.20067125473576",""
"Bolivia","2005","5.22758395663196",""
"Bolivia","2004","4.43992460120042",""
"Bolivia","2003","3.50859640072336",""
"Bolivia","2002","3.11719294696997",""
"Bolivia","2001","2.1204625341365",""
"Bosnia and Herzegovina","2014","60.8",""
"Bosnia and Herzegovina","2013","57.79",""
"Bosnia and Herzegovina","2012","52.78",""
"Bosnia and Herzegovina","2011","47.77",""
"Bosnia and Herzegovina","2010","42.75",""
"Bosnia and Herzegovina","2009","37.74",""
"Bosnia and Herzegovina","2008","34.66",""
"Bosnia and Herzegovina","2007","27.92",""
"Bosnia and Herzegovina","2006","25.1223856852117",""
"Bosnia and Herzegovina","2005","21.3267010007738",""
"Bosnia and Herzegovina","2004","15.4689716227665",""
"Bosnia and Herzegovina","2003","3.96503683387051",""
"Bosnia and Herzegovina","2002","2.64826791361244",""
"Bosnia and Herzegovina","2001","1.20052695129649",""
"Botswana","2014","18.5",""
"Botswana","2013","15",""
"Botswana","2012","11.5",""
"Botswana","2011","8",""
"Botswana","2010","6",""
"Botswana","2009","6.15",""
"Botswana","2008","6.25",""
"Botswana","2007","5.28",""
"Botswana","2006","4.28993297515968",""
"Botswana","2005","3.26255403605122",""
"Botswana","2004","3.30488925316113",""
"Botswana","2003","3.3451901740614",""
"Botswana","2002","3.38592235064273",""
"Botswana","2001","3.43088678702599",""
"Brazil","2014","57.6",""
"Brazil","2013","51.04","24"
"Brazil","2012","48.56","24"
"Brazil","2011","45.69","25"
"Brazil","2010","40.65","24"
"Brazil","2009","39.22","25"
"Brazil","2008","33.83","25"
"Brazil","2007","30.88","26"
"Brazil","2006","28.1783801797929","26"
"Brazil","2005","21.022747248827","25"
"Brazil","2004","19.073672274442",""
"Brazil","2003","13.2075861035303",""
"Brazil","2002","9.14942508560748",""
"Brazil","2001","4.52849486902851",""
"Brunei Darussalam","2014","68.77",""
"Brunei Darussalam","2013","64.5",""
"Brunei Darussalam","2012","60.2730650423193",""
"Brunei Darussalam","2011","56",""
"Brunei Darussalam","2010","53",""
"Brunei Darussalam","2009","49","27"
"Brunei Darussalam","2008","46","27"
"Brunei Darussalam","2007","44.68",""
"Brunei Darussalam","2006","42.1863491609307",""
"Brunei Darussalam","2005","36.4663919475782",""
"Brunei Darussalam","2004","29.7156041447864",""
"Brunei Darussalam","2003","19.5950032207342",""
"Brunei Darussalam","2002","15.329879855735",""
"Brunei Darussalam","2001","12.9177690823013",""
"Bulgaria","2014","55.49","7"
"Bulgaria","2013","53.0615","7"
"Bulgaria","2012","51.8999876658503","8"
"Bulgaria","2011","47.9799930506026","9"
"Bulgaria","2010","46.23","28"
"Bulgaria","2009","45","28"
"Bulgaria","2008","39.67","7"
"Bulgaria","2007","33.64","7"
"Bulgaria","2006","27.09","7"
"Bulgaria","2005","19.97","7"
"Bulgaria","2004","18.13","7"
"Bulgaria","2003","12.04",""
"Bulgaria","2002","9.08",""
"Bulgaria","2001","7.6122977487982",""
"Burkina Faso","2014","9.4",""
"Burkina Faso","2013","9.1",""
"Burkina Faso","2012","3.72503491597675",""
"Burkina Faso","2011","3",""
"Burkina Faso","2010","2.4",""
"Burkina Faso","2009","1.13",""
"Burkina Faso","2008","0.92",""
"Burkina Faso","2007","0.75",""
"Burkina Faso","2006","0.632707564461829",""
"Burkina Faso","2005","0.469914488656657",""
"Burkina Faso","2004","0.400295285492178",""
"Burkina Faso","2003","0.373440303233526",""
"Burkina Faso","2002","0.200992597925001",""
"Burkina Faso","2001","0.157732464653607",""
"Burundi","2014","1.38",""
"Burundi","2013","1.3",""
"Burundi","2012","1.21999994477793",""
"Burundi","2011","1.11",""
"Burundi","2010","1",""
"Burundi","2009","0.9",""
"Burundi","2008","0.81",""
"Burundi","2007","0.7",""
"Burundi","2006","0.657592590351907",""
"Burundi","2005","0.542142865759056",""
"Burundi","2004","0.349060461879596",""
"Burundi","2003","0.201273196735924",""
"Burundi","2002","0.118228412267794",""
"Burundi","2001","0.106001245363203",""
"Cambodia","2014","9",""
"Cambodia","2013","6.8","29"
"Cambodia","2012","4.94",""
"Cambodia","2011","3.1",""
"Cambodia","2010","1.26",""
"Cambodia","2009","0.53",""
"Cambodia","2008","0.51",""
"Cambodia","2007","0.49",""
"Cambodia","2006","0.468356720063827",""
"Cambodia","2005","0.317321781089656",""
"Cambodia","2004","0.300436644360101",""
"Cambodia","2003","0.260570197574002",""
"Cambodia","2002","0.226983237666204",""
"Cambodia","2001","0.0769560555527296",""
"Cameroon","2014","11",""
"Cameroon","2013","6.4",""
"Cameroon","2012","5.69898724036494",""
"Cameroon","2011","5",""
"Cameroon","2010","4.3",""
"Cameroon","2009","3.84",""
"Cameroon","2008","3.4",""
"Cameroon","2007","2.93",""
"Cameroon","2006","2.0287447914719",""
"Cameroon","2005","1.40265422575955",""
"Cameroon","2004","0.976075415490902",""
"Cameroon","2003","0.587622611130454",""
"Cameroon","2002","0.360871584267755",""
"Cameroon","2001","0.277051321848797",""
"Canada","2014","87.12",""
"Canada","2013","85.8",""
"Canada","2012","83","30"
"Canada","2011","83",""
"Canada","2010","80.3","31"
"Canada","2009","80.3","18"
"Canada","2008","76.7","32"
"Canada","2007","73.2","18"
"Canada","2006","72.4","33"
"Canada","2005","71.66","18"
"Canada","2004","65.9559634648989","34"
"Canada","2003","64.2","34"
"Canada","2002","61.5932992681952","34"
"Canada","2001","60.2","34"
"Cape Verde","2014","40.26",""
"Cape Verde","2013","37.5",""
"Cape Verde","2012","34.74",""
"Cape Verde","2011","32",""
"Cape Verde","2010","30",""
"Cape Verde","2009","21",""
"Cape Verde","2008","14",""
"Cape Verde","2007","8.28321981953034",""
"Cape Verde","2006","6.80891100753313",""
"Cape Verde","2005","6.07408710659813",""
"Cape Verde","2004","5.31883206957883",""
"Cape Verde","2003","4.32488539053715",""
"Cape Verde","2002","3.5187571749658",""
"Cape Verde","2001","2.68533271272311",""
"Cayman Islands","2014","74.1",""
"Cayman Islands","2013","74.1",""
"Cayman Islands","2012","74.1265306872565",""
"Cayman Islands","2011","69.46594499",""
"Cayman Islands","2010","66",""
"Cayman Islands","2009","64.5",""
"Cayman Islands","2008","61",""
"Cayman Islands","2007","52",""
"Cayman Islands","2006","44.5",""
"Cayman Islands","2005","38.0343830823064","35"
"Central African Rep.","2014","4.03",""
"Central African Rep.","2013","3.5",""
"Central African Rep.","2012","3",""
"Central African Rep.","2011","2.2",""
"Central African Rep.","2010","2",""
"Central African Rep.","2009","1.8",""
"Central African Rep.","2008","1",""
"Central African Rep.","2007","0.375815961044797",""
"Central African Rep.","2006","0.311159173235716",""
"Central African Rep.","2005","0.268195609199012",""
"Central African Rep.","2004","0.223401395464406",""
"Central African Rep.","2003","0.151563337940017",""
"Central African Rep.","2002","0.128537116506299",""
"Central African Rep.","2001","0.0785434278394038",""
"Chad","2014","2.5",""
"Chad","2013","2.3",""
"Chad","2012","2.10000000005453",""
"Chad","2011","1.9",""
"Chad","2010","1.7",""
"Chad","2009","1.5",""
"Chad","2008","1.19",""
"Chad","2007","0.847224520710968",""
"Chad","2006","0.581045764229641",""
"Chad","2005","0.399257700084004",""
"Chad","2004","0.360920107034467",""
"Chad","2003","0.320308555366775",""
"Chad","2002","0.166069664674347",""
"Chad","2001","0.0459341343557353",""
"Chile","2014","72.35",""
"Chile","2013","66.5",""
"Chile","2012","61.4181545577569","36"
"Chile","2011","52.2496072877744","19"
"Chile","2010","45","36"
"Chile","2009","41.56","19"
"Chile","2008","37.3","36"
"Chile","2007","35.9","36"
"Chile","2006","34.4977511736017","19"
"Chile","2005","31.1753470303684","36"
"Chile","2004","28.1779101232438","36"
"Chile","2003","25.4737788864723","37"
"Chile","2002","22.1","38"
"Chile","2001","19.1","38"
"China","2014","49.3",""
"China","2013","45.8","39"
"China","2012","42.3001174855995",""
"China","2011","38.3",""
"China","2010","34.3",""
"China","2009","28.9",""
"China","2008","22.6",""
"China","2007","16",""
"China","2006","10.5231526193851","40"
"China","2005","8.52325700269541",""
"China","2004","7.3",""
"China","2003","6.2",""
"China","2002","4.59570433077551",""
"China","2001","2.63965021485872",""
"Colombia","2014","52.57","19"
"Colombia","2013","51.7","19"
"Colombia","2012","48.98","19"
"Colombia","2011","40.3509157546318","19"
"Colombia","2010","36.5","19"
"Colombia","2009","30","19"
"Colombia","2008","25.6","19"
"Colombia","2007","21.8",""
"Colombia","2006","15.3416745365682",""
"Colombia","2005","11.0072638904585",""
"Colombia","2004","9.1186903029666",""
"Colombia","2003","7.38892371052557","41"
"Colombia","2002","4.6",""
"Colombia","2001","2.85419997133433",""
"Comoros","2014","6.98",""
"Comoros","2013","6.5",""
"Comoros","2012","5.97529630842855",""
"Comoros","2011","5.5",""
"Comoros","2010","5.1",""
"Comoros","2009","3.5",""
"Comoros","2008","3",""
"Comoros","2007","2.5",""
"Comoros","2006","2.2",""
"Comoros","2005","2",""
"Comoros","2004","1.32732717785355",""
"Comoros","2003","0.848189370151537",""
"Comoros","2002","0.554869674985088",""
"Comoros","2001","0.443068372538977",""
"Congo","2014","7.11",""
"Congo","2013","6.6",""
"Congo","2012","6.10669502435836",""
"Congo","2011","5.6","42"
"Congo","2010","5",""
"Congo","2009","4.5",""
"Congo","2008","4.28750990276481",""
"Congo","2007","2.75970437370903",""
"Congo","2006","2.00799007938159",""
"Congo","2005","1.46342005950851",""
"Congo","2004","1.07750492958505",""
"Congo","2003","0.460014186837522",""
"Congo","2002","0.157249517243982",""
"Congo","2001","0.0322236164306931",""
"Congo (Democratic Republic of the)","2014","3",""
"Congo (Democratic Republic of the)","2013","2.2",""
"Congo (Democratic Republic of the)","2012","1.679961014645",""
"Congo (Democratic Republic of the)","2011","1.2",""
"Congo (Democratic Republic of the)","2010","0.72","23"
"Congo (Democratic Republic of the)","2009","0.56",""
"Congo (Democratic Republic of the)","2008","0.44",""
"Congo (Democratic Republic of the)","2007","0.37",""
"Congo (Democratic Republic of the)","2006","0.29605361030881",""
"Congo (Democratic Republic of the)","2005","0.238037798692792",""
"Congo (Democratic Republic of the)","2004","0.196208375178039",""
"Congo (Democratic Republic of the)","2003","0.134914837437335",""
"Congo (Democratic Republic of the)","2002","0.0927907024606925",""
"Congo (Democratic Republic of the)","2001","0.0114757819210493",""
"Costa Rica","2014","49.41",""
"Costa Rica","2013","45.96","43"
"Costa Rica","2012","47.5","44"
"Costa Rica","2011","39.2121959961842","45"
"Costa Rica","2010","36.5","46"
"Costa Rica","2009","34.33","46"
"Costa Rica","2008","32.29","46"
"Costa Rica","2007","28.4","47"
"Costa Rica","2006","25.1","47"
"Costa Rica","2005","22.07","19"
"Costa Rica","2004","20.7923067055542",""
"Costa Rica","2003","20.3336148143541",""
"Costa Rica","2002","19.8948511346293",""
"Costa Rica","2001","9.55948213497093",""
"Cote d'Ivoire","2014","14.6",""
"Cote d'Ivoire","2013","8.4",""
"Cote d'Ivoire","2012","5",""
"Cote d'Ivoire","2011","2.9",""
"Cote d'Ivoire","2010","2.7",""
"Cote d'Ivoire","2009","2",""
"Cote d'Ivoire","2008","1.9",""
"Cote d'Ivoire","2007","1.8",""
"Cote d'Ivoire","2006","1.52490079122527",""
"Cote d'Ivoire","2005","1.03923820514001",""
"Cote d'Ivoire","2004","0.849282414747704",""
"Cote d'Ivoire","2003","0.758669629452205",""
"Cote d'Ivoire","2002","0.497929360753307",""
"Cote d'Ivoire","2001","0.395747702246439",""
"Croatia","2014","68.57","7"
"Croatia","2013","66.7476","7"
"Croatia","2012","61.9399731527956","8"
"Croatia","2011","57.7899789891444","9"
"Croatia","2010","56.55","7"
"Croatia","2009","50.58","7"
"Croatia","2008","44.24","7"
"Croatia","2007","41.44","7"
"Croatia","2006","37.98","7"
"Croatia","2005","33.14","7"
"Croatia","2004","30.91",""
"Croatia","2003","22.75",""
"Croatia","2002","17.76",""
"Croatia","2001","11.5585731811648",""
"Cuba","2014","30",""
"Cuba","2013","27.93","48"
"Cuba","2012","21.2",""
"Cuba","2011","16.0172907996413","48"
"Cuba","2010","15.9","49"
"Cuba","2009","14.33","50"
"Cuba","2008","12.94","49"
"Cuba","2007","11.69","49"
"Cuba","2006","11.1596013147617","49"
"Cuba","2005","9.73806220781346","49"
"Cuba","2004","8.40798475900703","49"
"Cuba","2003","5.2412690536929","49"
"Cuba","2002","3.77058503769014","49"
"Cuba","2001","1.07975172188907","51"
"Cyprus","2014","69.33","7"
"Cyprus","2013","65.4548","7"
"Cyprus","2012","60.6898684001903","8"
"Cyprus","2011","56.8598923503507","9"
"Cyprus","2010","52.99","28"
"Cyprus","2009","49.81","7"
"Cyprus","2008","42.31","7"
"Cyprus","2007","40.77","7"
"Cyprus","2006","35.83","7"
"Cyprus","2005","32.81","7"
"Cyprus","2004","33.83","7"
"Cyprus","2003","30.09",""
"Cyprus","2002","28.32",""
"Cyprus","2001","18.8187590408455",""
"Czech Republic","2014","79.71","7"
"Czech Republic","2013","74.1104","7"
"Czech Republic","2012","73.4300078241036","8"
"Czech Republic","2011","70.49","9"
"Czech Republic","2010","68.82","7"
"Czech Republic","2009","64.43","7"
"Czech Republic","2008","62.97","7"
"Czech Republic","2007","51.93","7"
"Czech Republic","2006","47.93","7"
"Czech Republic","2005","35.27","7"
"Czech Republic","2004","35.5","7"
"Czech Republic","2003","34.3","7"
"Czech Republic","2002","23.93",""
"Czech Republic","2001","14.6971721171129",""
"Dem. People's Rep. of Korea","2014","0",""
"Dem. People's Rep. of Korea","2012","0",""
"Dem. People's Rep. of Korea","2011","0",""
"Dem. People's Rep. of Korea","2010","0",""
"Dem. People's Rep. of Korea","2009","0",""
"Dem. People's Rep. of Korea","2008","0",""
"Dem. People's Rep. of Korea","2007","0","52"
"Dem. People's Rep. of Korea","2006","0","52"
"Dem. People's Rep. of Korea","2005","0","52"
"Dem. People's Rep. of Korea","2004","0","52"
"Dem. People's Rep. of Korea","2003","0","52"
"Dem. People's Rep. of Korea","2002","0","52"
"Dem. People's Rep. of Korea","2001","0","52"
"Denmark","2014","95.99","7"
"Denmark","2013","94.6297","7"
"Denmark","2012","92.2600117153012","8"
"Denmark","2011","89.8100133895232","9"
"Denmark","2010","88.72","28"
"Denmark","2009","86.84","7"
"Denmark","2008","85.02","7"
"Denmark","2007","85.03","7"
"Denmark","2006","86.65","7"
"Denmark","2005","82.74","7"
"Denmark","2004","80.93","7"
"Denmark","2003","76.26","7"
"Denmark","2002","64.25","10"
"Denmark","2001","42.9575247201878",""
"Djibouti","2014","10.71",""
"Djibouti","2013","9.5",""
"Djibouti","2012","8.26723289204519",""
"Djibouti","2011","7",""
"Djibouti","2010","6.5",""
"Djibouti","2009","4",""
"Djibouti","2008","2.26",""
"Djibouti","2007","1.62",""
"Djibouti","2006","1.27004115919322",""
"Djibouti","2005","0.953611449300569",""
"Djibouti","2004","0.781317175068661",""
"Djibouti","2003","0.625940229399888",""
"Djibouti","2002","0.48697170451894",""
"Djibouti","2001","0.343526262964202",""
"Dominica","2014","62.86",""
"Dominica","2013","59",""
"Dominica","2012","55.1770141638519",""
"Dominica","2011","51.3135",""
"Dominica","2010","47.45",""
"Dominica","2009","42.02",""
"Dominica","2008","41.16",""
"Dominica","2007","40.2744630071599",""
"Dominica","2006","39.39817430347",""
"Dominica","2005","38.5436432637571",""
"Dominica","2004","30.3196130921568",""
"Dominica","2003","23.6204198529629",""
"Dominica","2002","18.4248927671241",""
"Dominica","2001","13.2452280386761",""
"Dominican Rep.","2014","49.58",""
"Dominican Rep.","2013","45.9","53"
"Dominican Rep.","2012","41.2","53"
"Dominican Rep.","2011","38","54"
"Dominican Rep.","2010","31.4",""
"Dominican Rep.","2009","27.72","55"
"Dominican Rep.","2008","20.82",""
"Dominican Rep.","2007","17.66",""
"Dominican Rep.","2006","14.8449283654589",""
"Dominican Rep.","2005","11.4831977789344",""
"Dominican Rep.","2004","8.8655534607044",""
"Dominican Rep.","2003","7.89839293716387",""
"Dominican Rep.","2002","6.8237257325842",""
"Dominican Rep.","2001","4.42939069666645",""
"Ecuador","2014","43",""
"Ecuador","2013","40.3536842279418","19"
"Ecuador","2012","35.1351464545516","19"
"Ecuador","2011","31.3668083587433","19"
"Ecuador","2010","29.03","19"
"Ecuador","2009","24.6","56"
"Ecuador","2008","18.8",""
"Ecuador","2007","10.8","57"
"Ecuador","2006","7.2","58"
"Ecuador","2005","5.99425516097331",""
"Ecuador","2004","4.83444263759525",""
"Ecuador","2003","4.46022834472698",""
"Ecuador","2002","4.26079691519764",""
"Ecuador","2001","2.67044367376705",""
"Egypt","2014","31.7","17"
"Egypt","2013","29.4","17"
"Egypt","2012","26.4","17"
"Egypt","2011","25.6","17"
"Egypt","2010","21.6","17"
"Egypt","2009","20",""
"Egypt","2008","18.01",""
"Egypt","2007","16.03",""
"Egypt","2006","13.66",""
"Egypt","2005","12.75",""
"Egypt","2004","11.92",""
"Egypt","2003","4.03788510706701",""
"Egypt","2002","2.71999971465421",""
"Egypt","2001","0.838945611477604",""
"El Salvador","2014","29.7",""
"El Salvador","2013","23.1093","59"
"El Salvador","2012","20.3213877242007",""
"El Salvador","2011","18.9",""
"El Salvador","2010","15.9","58"
"El Salvador","2009","12.11","58"
"El Salvador","2008","10.08","58"
"El Salvador","2007","6.11","58"
"El Salvador","2006","5.5","58"
"El Salvador","2005","4.2","60"
"El Salvador","2004","3.2","60"
"El Salvador","2003","2.5","60"
"El Salvador","2002","1.9","60"
"El Salvador","2001","1.5","60"
"Equatorial Guinea","2014","18.86",""
"Equatorial Guinea","2013","16.4",""
"Equatorial Guinea","2012","13.9431821913076",""
"Equatorial Guinea","2011","11.5",""
"Equatorial Guinea","2010","6",""
"Equatorial Guinea","2009","2.13",""
"Equatorial Guinea","2008","1.82",""
"Equatorial Guinea","2007","1.55712305943539",""
"Equatorial Guinea","2006","1.27919359635686",""
"Equatorial Guinea","2005","1.14978967061811",""
"Equatorial Guinea","2004","0.843930284607049",""
"Equatorial Guinea","2003","0.520524272046806",""
"Equatorial Guinea","2002","0.321197997152044",""
"Equatorial Guinea","2001","0.16526042288306",""
"Eritrea","2014","0.99",""
"Eritrea","2013","0.9",""
"Eritrea","2012","0.8",""
"Eritrea","2011","0.7",""
"Eritrea","2010","0.61",""
"Eritrea","2009","0.54",""
"Eritrea","2008","0.47",""
"Eritrea","2007","0.41",""
"Eritrea","2002","0.227090137626716",""
"Eritrea","2001","0.157815289303043",""
"Estonia","2014","84.24","7"
"Estonia","2013","79.4","7"
"Estonia","2012","78.3899259259259","8"
"Estonia","2011","76.5","9"
"Estonia","2010","74.1","61"
"Estonia","2009","72.5","7"
"Estonia","2008","70.58","7"
"Estonia","2007","66.19","7"
"Estonia","2006","63.51","7"
"Estonia","2005","61.45","7"
"Estonia","2004","53.2","7"
"Estonia","2003","45.32",""
"Estonia","2002","41.52",""
"Estonia","2001","31.5274897673756",""
"Ethiopia","2014","2.9",""
"Ethiopia","2013","1.9",""
"Ethiopia","2012","1.48281013861396",""
"Ethiopia","2011","1.1",""
"Ethiopia","2010","0.75",""
"Ethiopia","2009","0.54",""
"Ethiopia","2008","0.45",""
"Ethiopia","2007","0.37",""
"Ethiopia","2006","0.310592656856176",""
"Ethiopia","2005","0.219659818999505",""
"Ethiopia","2004","0.155334520794722",""
"Ethiopia","2003","0.105811658802603",""
"Ethiopia","2002","0.0724022618698295",""
"Ethiopia","2001","0.0371623810686744",""
"Faroe Islands","2014","94.66",""
"Faroe Islands","2013","90",""
"Faroe Islands","2012","85.3351892392109",""
"Faroe Islands","2011","80.7321728",""
"Faroe Islands","2010","75.2",""
"Faroe Islands","2009","75.18",""
"Faroe Islands","2008","75.57",""
"Faroe Islands","2007","75.98",""
"Faroe Islands","2006","69.359445124439",""
"Faroe Islands","2005","67.9026317413939",""
"Faroe Islands","2004","66.5335994677312",""
"Faroe Islands","2003","58.9126409695337",""
"Faroe Islands","2002","53.2992218313613",""
"Faroe Islands","2001","43.2469835228993",""
"Fiji","2014","41.8",""
"Fiji","2013","37.1",""
"Fiji","2012","33.7423567521104",""
"Fiji","2011","28",""
"Fiji","2010","20",""
"Fiji","2009","17",""
"Fiji","2008","13",""
"Fiji","2007","10.8978310454645",""
"Fiji","2006","9.6000384001536",""
"Fiji","2005","8.45363663371359",""
"Fiji","2004","7.4129434854202",""
"Fiji","2003","6.72543473821551",""
"Fiji","2002","6.15264970011985",""
"Fiji","2001","1.8579785936093",""
"Finland","2014","92.38","7"
"Finland","2013","91.5144","7"
"Finland","2012","89.879997974222","8"
"Finland","2011","88.70999491353","9"
"Finland","2010","86.89","28"
"Finland","2009","82.49","10"
"Finland","2008","83.67","7"
"Finland","2007","80.78","7"
"Finland","2006","79.66","7"
"Finland","2005","74.48","7"
"Finland","2004","72.39","7"
"Finland","2003","69.22","7"
"Finland","2002","62.43","10"
"Finland","2001","43.1053633522263","62"
"France","2014","83.75","7"
"France","2013","81.9198","7"
"France","2012","81.44","8"
"France","2011","77.8199989926706","9"
"France","2010","77.28","7"
"France","2009","71.58","7"
"France","2008","70.68","7"
"France","2007","66.09","7"
"France","2006","46.87","7"
"France","2005","42.87","63"
"France","2004","39.15","63"
"France","2003","36.14","63"
"France","2002","30.18","63"
"France","2001","26.3259035521688","63"
"French Guiana","2009","25.7034092470231",""
"French Guiana","2008","24.5344140591279",""
"French Guiana","2007","23.3139361384661",""
"French Guiana","2006","22.0642549476693",""
"French Guiana","2005","20.793314454324",""
"French Guiana","2004","19.4983785558885",""
"French Guiana","2003","16.5509877202349",""
"French Guiana","2002","13.9242409896237",""
"French Guiana","2001","11.62398726011",""
"French Polynesia","2014","60.68",""
"French Polynesia","2013","56.8",""
"French Polynesia","2012","52.8766305867993",""
"French Polynesia","2011","49",""
"French Polynesia","2010","49",""
"French Polynesia","2009","44.6",""
"French Polynesia","2008","33.87",""
"French Polynesia","2007","28.59",""
"French Polynesia","2006","25.1079642462589",""
"French Polynesia","2005","21.5421854743002",""
"French Polynesia","2004","17.8845374263753",""
"French Polynesia","2003","14.1242937853107",""
"French Polynesia","2002","8.20021648571522",""
"French Polynesia","2001","6.25158894552365",""
"Gabon","2014","9.81",""
"Gabon","2013","9.2",""
"Gabon","2012","8.61671448924674",""
"Gabon","2011","8",""
"Gabon","2010","7.23",""
"Gabon","2009","6.7",""
"Gabon","2008","6.21",""
"Gabon","2007","5.76700457562583",""
"Gabon","2006","5.48920080280135",""
"Gabon","2005","4.89326474972412",""
"Gabon","2004","2.97906980035019",""
"Gabon","2003","2.65958659385985",""
"Gabon","2002","1.93953010616212",""
"Gabon","2001","1.34762022159633",""
"Gambia","2014","15.56",""
"Gambia","2013","14",""
"Gambia","2012","12.4492287209242",""
"Gambia","2011","10.8703",""
"Gambia","2010","9.2",""
"Gambia","2009","7.63",""
"Gambia","2008","6.88",""
"Gambia","2007","6.20503741852418",""
"Gambia","2006","5.23769115841218",""
"Gambia","2005","3.79900113882231",""
"Gambia","2004","3.30800347812937",""
"Gambia","2003","2.436781193062",""
"Gambia","2002","1.79677988296495",""
"Gambia","2001","1.33679116648397",""
"Georgia","2014","48.9","64"
"Georgia","2013","43.3","64"
"Georgia","2012","36.94",""
"Georgia","2011","31.52",""
"Georgia","2010","26.9",""
"Georgia","2009","20.07",""
"Georgia","2008","10.01",""
"Georgia","2007","8.26",""
"Georgia","2006","7.52687684487832",""
"Georgia","2005","6.07945762869794",""
"Georgia","2004","3.88622135350273",""
"Georgia","2003","2.55881648068489",""
"Georgia","2002","1.58787562980332",""
"Georgia","2001","0.992344436138154",""
"Germany","2014","86.19","7"
"Germany","2013","84.17","7"
"Germany","2012","82.3499984738392","8"
"Germany","2011","81.26999953602","9"
"Germany","2010","82","7"
"Germany","2009","79","7"
"Germany","2008","78","7"
"Germany","2007","75.16","7"
"Germany","2006","72.16","7"
"Germany","2005","68.71","7"
"Germany","2004","64.73","7"
"Germany","2003","55.9","7"
"Germany","2002","48.82","10"
"Germany","2001","31.650939416316",""
"Ghana","2014","18.9",""
"Ghana","2013","12.3",""
"Ghana","2012","10.6","65"
"Ghana","2011","9",""
"Ghana","2010","7.8","66"
"Ghana","2009","5.44",""
"Ghana","2008","4.27",""
"Ghana","2007","3.85",""
"Ghana","2006","2.72317597313987",""
"Ghana","2005","1.83119746104616",""
"Ghana","2004","1.71679770389504",""
"Ghana","2003","1.19305791098328",""
"Ghana","2002","0.830284033818739",""
"Ghana","2001","0.200008060324831",""
"Gibraltar","2012","65.017",""
"Gibraltar","2011","65",""
"Gibraltar","2010","65",""
"Gibraltar","2009","65.07",""
"Gibraltar","2008","58",""
"Gibraltar","2007","51.61",""
"Gibraltar","2006","45.29864751181",""
"Gibraltar","2005","39.0701308849385",""
"Gibraltar","2004","32.8860826098395",""
"Gibraltar","2003","28.3257797920554",""
"Gibraltar","2002","23.670239745714",""
"Gibraltar","2001","21.171109436031",""
"Greece","2014","63.21","7"
"Greece","2013","59.8663","7"
"Greece","2012","55.0699934418411","8"
"Greece","2011","51.6499951676815","9"
"Greece","2010","44.4","7"
"Greece","2009","42.4","7"
"Greece","2008","38.2","7"
"Greece","2007","35.88","7"
"Greece","2006","32.25","7"
"Greece","2005","24","7"
"Greece","2004","21.42","7"
"Greece","2003","17.8","7"
"Greece","2002","14.67","67"
"Greece","2001","10.9350258080278",""
"Greenland","2014","66.7",""
"Greenland","2013","65.8",""
"Greenland","2012","64.8960100995989",""
"Greenland","2011","64",""
"Greenland","2010","63",""
"Greenland","2009","62.83",""
"Greenland","2008","62.82",""
"Greenland","2007","61.07",""
"Greenland","2006","59.361687268664",""
"Greenland","2005","57.7034045008656",""
"Greenland","2004","56.0990147610533",""
"Greenland","2003","54.5342598293605",""
"Greenland","2002","44.154789028418",""
"Greenland","2001","35.4641368915684",""
"Grenada","2014","37.38",""
"Grenada","2013","35",""
"Grenada","2012","32",""
"Grenada","2011","30",""
"Grenada","2010","27",""
"Grenada","2009","24.05",""
"Grenada","2008","23.18",""
"Grenada","2007","22.29",""
"Grenada","2006","21.3959911692909",""
"Grenada","2005","20.4878048780488",""
"Grenada","2004","19.5706205843787",""
"Grenada","2003","18.6451821830564",""
"Grenada","2002","14.7588405454867",""
"Grenada","2001","5.12810398216998",""
"Guam","2014","69.27",""
"Guam","2013","65.4",""
"Guam","2012","61.5341593079002",""
"Guam","2011","57.7",""
"Guam","2010","54.04",""
"Guam","2009","50.6420283820435",""
"Guam","2008","48.4187021509296",""
"Guam","2007","46.1504736192355",""
"Guam","2006","43.8514430048178",""
"Guam","2005","38.559877557558",""
"Guam","2004","36.1617878387908",""
"Guam","2003","33.7166817880876",""
"Guam","2002","31.1922942556271",""
"Guam","2001","25.3802275337398",""
"Guatemala","2014","23.4",""
"Guatemala","2013","19.7",""
"Guatemala","2012","16",""
"Guatemala","2011","12.3",""
"Guatemala","2010","10.5",""
"Guatemala","2009","9.3",""
"Guatemala","2008","8.3",""
"Guatemala","2007","7.3",""
"Guatemala","2006","6.5",""
"Guatemala","2005","5.7",""
"Guatemala","2004","5.1",""
"Guatemala","2003","4.54885490848324",""
"Guatemala","2002","3.39174627024502",""
"Guatemala","2001","1.7382017815873",""
"Guernsey","2011","83.632",""
"Guernsey","2006","83.6320191158901",""
"Guernsey","2005","73.5710243350311",""
"Guernsey","2004","64.5161290322581",""
"Guernsey","2003","59.1397849462366",""
"Guernsey","2002","53.5714285714286",""
"Guernsey","2001","44.4657880226953",""
"Guinea","2014","1.72",""
"Guinea","2013","1.6",""
"Guinea","2012","1.49014436571885",""
"Guinea","2011","1.3",""
"Guinea","2010","1",""
"Guinea","2009","0.94","68"
"Guinea","2008","0.92","68"
"Guinea","2007","0.780025279059244",""
"Guinea","2006","0.637492122987955",""
"Guinea","2005","0.542254180996637",""
"Guinea","2004","0.508819332302937",""
"Guinea","2003","0.450960370842751",""
"Guinea","2002","0.402022748744397",""
"Guinea","2001","0.175541868491054",""
"Guinea-Bissau","2014","3.32",""
"Guinea-Bissau","2013","3.1",""
"Guinea-Bissau","2012","2.89399062085531",""
"Guinea-Bissau","2011","2.672",""
"Guinea-Bissau","2010","2.45",""
"Guinea-Bissau","2009","2.30328059172582",""
"Guinea-Bissau","2008","2.35488871087933",""
"Guinea-Bissau","2007","2.20630223745003",""
"Guinea-Bissau","2006","2.0571967045036",""
"Guinea-Bissau","2005","1.90136531610877",""
"Guinea-Bissau","2004","1.80814220342991",""
"Guinea-Bissau","2003","1.35419747762901",""
"Guinea-Bissau","2002","1.02299323436117",""
"Guinea-Bissau","2001","0.299569144677667",""
"Guyana","2014","37.35",""
"Guyana","2013","35",""
"Guyana","2012","33",""
"Guyana","2011","31",""
"Guyana","2010","29.9",""
"Guyana","2009","23.9",""
"Guyana","2008","18.2",""
"Guyana","2007","13.8",""
"Guyana","2001","13.2069864958563",""
"Haiti","2014","11.4",""
"Haiti","2013","10.6",""
"Haiti","2012","9.8",""
"Haiti","2011","9",""
"Haiti","2010","8.37",""
"Haiti","2009","8.1",""
"Haiti","2008","7.6",""
"Haiti","2007","7.2",""
"Haiti","2006","6.79600048052951",""
"Haiti","2005","6.37620163504938",""
"Haiti","2004","5.401261907622",""
"Haiti","2003","1.64735834557778",""
"Haiti","2002","0.893432988337908",""
"Haiti","2001","0.340832326173809",""
"Honduras","2014","19.08",""
"Honduras","2013","17.8",""
"Honduras","2012","18.12",""
"Honduras","2011","15.9","69"
"Honduras","2010","11.09",""
"Honduras","2009","9.8","69"
"Honduras","2008","9.6","19"
"Honduras","2007","9.4","19"
"Honduras","2006","7.8","19"
"Honduras","2005","6.5","19"
"Honduras","2004","5.6","19"
"Honduras","2003","4.8","69"
"Honduras","2002","2.5974025974026",""
"Honduras","2001","1.41528193123711",""
"Hong Kong, China","2014","74.56",""
"Hong Kong, China","2013","74.2","70"
"Hong Kong, China","2012","72.9","70"
"Hong Kong, China","2011","72.2","58"
"Hong Kong, China","2010","72","58"
"Hong Kong, China","2009","69.4","58"
"Hong Kong, China","2008","66.7","58"
"Hong Kong, China","2007","64.8","58"
"Hong Kong, China","2006","60.8","58"
"Hong Kong, China","2005","56.9","58"
"Hong Kong, China","2004","56.3998803935333","71"
"Hong Kong, China","2003","52.2000433497404","71"
"Hong Kong, China","2002","43.0823830278909","71"
"Hong Kong, China","2001","38.6714032309569","71"
"Hungary","2014","76.13","7"
"Hungary","2013","72.6439","7"
"Hungary","2012","70.579998153838","8"
"Hungary","2011","68.0199878861296","9"
"Hungary","2010","65","7"
"Hungary","2009","62","7"
"Hungary","2008","61","7"
"Hungary","2007","53.3","7"
"Hungary","2006","47.06","7"
"Hungary","2005","38.97","7"
"Hungary","2004","27.74",""
"Hungary","2003","21.63",""
"Hungary","2002","16.67",""
"Hungary","2001","14.5285543028277",""
"Iceland","2014","98.16","7"
"Iceland","2013","96.5468","7"
"Iceland","2012","96.2097995545657","8"
"Iceland","2011","94.8196868008949","9"
"Iceland","2010","93.39","67"
"Iceland","2009","93",""
"Iceland","2008","91",""
"Iceland","2007","90.6","7"
"Iceland","2006","89.51","7"
"Iceland","2005","87","7"
"Iceland","2004","83.88","7"
"Iceland","2003","83.14","7"
"Iceland","2002","79.12","72"
"Iceland","2001","49.3929953676426",""
"India","2014","18",""
"India","2013","15.1",""
"India","2012","12.5800609138955",""
"India","2011","10.07","73"
"India","2010","7.5",""
"India","2009","5.12",""
"India","2008","4.38",""
"India","2007","3.95","74"
"India","2006","2.80549986534254","74"
"India","2005","2.38807499995774",""
"India","2004","1.97613649190559",""
"India","2003","1.68648997063625","75"
"India","2002","1.53787558175083",""
"India","2001","0.660146377009928",""
"Indonesia","2014","17.14","19"
"Indonesia","2013","14.94","19"
"Indonesia","2012","14.52","76"
"Indonesia","2011","12.28","77"
"Indonesia","2010","10.92","78"
"Indonesia","2009","6.92",""
"Indonesia","2008","7.91747938492903",""
"Indonesia","2007","5.78627472934199",""
"Indonesia","2006","4.76481313366657",""
"Indonesia","2005","3.60202476259646",""
"Indonesia","2004","2.60028587633414",""
"Indonesia","2003","2.38701977959476",""
"Indonesia","2002","2.13413573295808",""
"Indonesia","2001","2.01861385948459",""
"Iran (Islamic Rep. of)","2014","39.35","23"
"Iran (Islamic Rep. of)","2013","29.95","17"
"Iran (Islamic Rep. of)","2012","22.73","17"
"Iran (Islamic Rep. of)","2011","19",""
"Iran (Islamic Rep. of)","2010","15.9","17"
"Iran (Islamic Rep. of)","2009","13.8",""
"Iran (Islamic Rep. of)","2008","12.02","17"
"Iran (Islamic Rep. of)","2007","9.47",""
"Iran (Islamic Rep. of)","2006","8.76",""
"Iran (Islamic Rep. of)","2005","8.1",""
"Iran (Islamic Rep. of)","2004","7.49",""
"Iran (Islamic Rep. of)","2003","6.93372195304053",""
"Iran (Islamic Rep. of)","2002","4.62617511492205",""
"Iran (Islamic Rep. of)","2001","1.48422133163363",""
"Iraq","2014","11.3",""
"Iraq","2013","9.2",""
"Iraq","2012","7.1",""
"Iraq","2011","5",""
"Iraq","2010","2.5",""
"Iraq","2009","1.06",""
"Iraq","2008","1",""
"Iraq","2007","0.93",""
"Iraq","2006","0.95234424383919",""
"Iraq","2005","0.9",""
"Iraq","2004","0.9",""
"Iraq","2003","0.6",""
"Iraq","2002","0.5",""
"Iraq","2001","0.1",""
"Ireland","2014","79.69","7"
"Ireland","2013","78.2477","7"
"Ireland","2012","76.919992540097","8"
"Ireland","2011","74.8899729670944","9"
"Ireland","2010","69.85","28"
"Ireland","2009","67.38","28"
"Ireland","2008","65.34","7"
"Ireland","2007","61.158324551","7"
"Ireland","2006","54.82","7"
"Ireland","2005","41.61","7"
"Ireland","2004","36.99","7"
"Ireland","2003","34.31","7"
"Ireland","2002","25.85","79"
"Ireland","2001","23.1388121904053","6"
"Israel","2014","71.45",""
"Israel","2013","70.8","80"
"Israel","2012","70.8","80"
"Israel","2011","68.8738779907441","80"
"Israel","2010","67.5","81"
"Israel","2009","63.12","81"
"Israel","2008","59.39","81"
"Israel","2007","48.1280621948445","81"
"Israel","2006","27.8810744577346",""
"Israel","2005","25.1940424216829",""
"Israel","2004","22.7704855254035",""
"Israel","2003","19.5933936579649",""
"Israel","2002","17.7645990630493",""
"Israel","2001","17.3786238639049",""
"Italy","2014","61.96","7"
"Italy","2013","58.4593","7"
"Italy","2012","55.829997993283","8"
"Italy","2011","54.3899983018814","9"
"Italy","2010","53.68","28"
"Italy","2009","48.83","7"
"Italy","2008","44.53","7"
"Italy","2007","40.79","7"
"Italy","2006","37.99","7"
"Italy","2005","35","7"
"Italy","2004","33.24","7"
"Italy","2003","29.04","7"
"Italy","2002","28.04","67"
"Italy","2001","27.2221169788811",""
"Jamaica","2014","40.5",""
"Jamaica","2013","37.1","82"
"Jamaica","2012","33.79","82"
"Jamaica","2011","37.438613414848","83"
"Jamaica","2010","27.67","82"
"Jamaica","2009","24.3",""
"Jamaica","2008","23.6",""
"Jamaica","2007","21.1",""
"Jamaica","2006","16.4",""
"Jamaica","2005","12.8",""
"Jamaica","2004","10",""
"Jamaica","2003","7.8",""
"Jamaica","2002","6.1",""
"Jamaica","2001","3.8630203874764",""
"Japan","2014","90.58",""
"Japan","2013","89.71","17"
"Japan","2012","79.4964","17"
"Japan","2011","79.0541135244739","17"
"Japan","2010","78.21","17"
"Japan","2009","78","17"
"Japan","2008","75.4","17"
"Japan","2007","74.3","17"
"Japan","2006","68.6852703213795","17"
"Japan","2005","66.9210661042901","17"
"Japan","2004","62.3939296327259","84"
"Japan","2003","48.4352658899653","85"
"Japan","2002","46.5942011179917","85"
"Japan","2001","38.5320608612719","85"
"Jersey","2012","41.03",""
"Jersey","2011","36",""
"Jersey","2007","32.3863636363636",""
"Jersey","2006","31.8181818181818",""
"Jersey","2005","31.25",""
"Jersey","2004","30.6818181818182",""
"Jersey","2003","22.7272727272727",""
"Jersey","2002","19.4063926940639",""
"Jersey","2001","16.0576239304475",""
"Jordan","2014","44",""
"Jordan","2013","41","19"
"Jordan","2012","37","19"
"Jordan","2011","34.9","19"
"Jordan","2010","27.2","19"
"Jordan","2009","26","19"
"Jordan","2008","23",""
"Jordan","2007","20",""
"Jordan","2006","13.8671087882097",""
"Jordan","2005","12.9328520457507",""
"Jordan","2004","11.6587413706379",""
"Jordan","2003","8.46600501623938",""
"Jordan","2002","6.02553241191204",""
"Jordan","2001","4.70571958094159",""
"Kazakhstan","2014","54.89",""
"Kazakhstan","2013","54",""
"Kazakhstan","2012","53.3156691222464",""
"Kazakhstan","2011","50.6",""
"Kazakhstan","2010","31.6","86"
"Kazakhstan","2009","18.2",""
"Kazakhstan","2008","11",""
"Kazakhstan","2007","4.02",""
"Kazakhstan","2006","3.26836905115978",""
"Kazakhstan","2005","2.96170749150089",""
"Kazakhstan","2004","2.6503946570164",""
"Kazakhstan","2003","2.00041475265872",""
"Kazakhstan","2002","1.67477099516366",""
"Kazakhstan","2001","1.00612421099739",""
"Kenya","2014","43.4",""
"Kenya","2013","39",""
"Kenya","2012","32.1",""
"Kenya","2011","28",""
"Kenya","2010","14",""
"Kenya","2009","10.04",""
"Kenya","2008","8.67",""
"Kenya","2007","7.95",""
"Kenya","2006","7.5337897198037",""
"Kenya","2005","3.10189770248496",""
"Kenya","2004","3.02352804209621",""
"Kenya","2003","2.94190286101524",""
"Kenya","2002","1.20777388492125",""
"Kenya","2001","0.619782266151425",""
"Kiribati","2014","12.25",""
"Kiribati","2013","11.5",""
"Kiribati","2012","10.7467976841839",""
"Kiribati","2011","10",""
"Kiribati","2010","9.07",""
"Kiribati","2009","8.97",""
"Kiribati","2008","7",""
"Kiribati","2007","6",""
"Kiribati","2006","4.5",""
"Kiribati","2005","4",""
"Kiribati","2004","3.5",""
"Kiribati","2003","3",""
"Kiribati","2002","2.5",""
"Kiribati","2001","2.33745894837722",""
"Korea (Rep. of)","2014","84.33","87"
"Korea (Rep. of)","2013","84.77","87"
"Korea (Rep. of)","2012","84.07","87"
"Korea (Rep. of)","2011","83.7591201534472","87"
"Korea (Rep. of)","2010","83.7","87"
"Korea (Rep. of)","2009","81.6","87"
"Korea (Rep. of)","2008","81","87"
"Korea (Rep. of)","2007","78.8","87"
"Korea (Rep. of)","2006","78.1","87"
"Korea (Rep. of)","2005","73.5","87"
"Korea (Rep. of)","2004","72.7","87"
"Korea (Rep. of)","2003","65.5","88"
"Korea (Rep. of)","2002","59.4","88"
"Korea (Rep. of)","2001","56.6","88"
"Kuwait","2014","78.7",""
"Kuwait","2013","75.46",""
"Kuwait","2012","70.45",""
"Kuwait","2011","65.7690706867398",""
"Kuwait","2010","61.4",""
"Kuwait","2009","50.8",""
"Kuwait","2008","42",""
"Kuwait","2007","34.8",""
"Kuwait","2006","28.7911979549612",""
"Kuwait","2005","25.9261083689107",""
"Kuwait","2004","22.9271120360078",""
"Kuwait","2003","22.4029383804612",""
"Kuwait","2002","10.2489679289296",""
"Kuwait","2001","8.55179243431475",""
"Kyrgyzstan","2014","28.3",""
"Kyrgyzstan","2013","23",""
"Kyrgyzstan","2012","19.8",""
"Kyrgyzstan","2011","17.5",""
"Kyrgyzstan","2010","16.3",""
"Kyrgyzstan","2009","16",""
"Kyrgyzstan","2008","15.7",""
"Kyrgyzstan","2007","14.03",""
"Kyrgyzstan","2006","12.3069069959465",""
"Kyrgyzstan","2005","10.5338013405507",""
"Kyrgyzstan","2004","5.09038530732863",""
"Kyrgyzstan","2003","3.90876626828521",""
"Kyrgyzstan","2002","2.99926518003089",""
"Kyrgyzstan","2001","3.00294132719239",""
"Lao P.D.R.","2014","14.26",""
"Lao P.D.R.","2013","12.5",""
"Lao P.D.R.","2012","10.747676189122",""
"Lao P.D.R.","2011","9",""
"Lao P.D.R.","2010","7",""
"Lao P.D.R.","2009","6",""
"Lao P.D.R.","2008","3.55",""
"Lao P.D.R.","2007","1.64",""
"Lao P.D.R.","2006","1.16989342772256",""
"Lao P.D.R.","2005","0.850357490288917",""
"Lao P.D.R.","2004","0.361434490258043",""
"Lao P.D.R.","2003","0.333912466428616",""
"Lao P.D.R.","2002","0.267899241309349",""
"Lao P.D.R.","2001","0.181664460654566",""
"Latvia","2014","75.83","7"
"Latvia","2013","75.2344","7"
"Latvia","2012","73.1199437663748","8"
"Latvia","2011","69.7499545592245","9"
"Latvia","2010","68.42","7"
"Latvia","2009","66.84","7"
"Latvia","2008","63.41","7"
"Latvia","2007","59.17","7"
"Latvia","2006","53.63","7"
"Latvia","2005","46","7"
"Latvia","2004","38.58","7"
"Latvia","2003","26.98",""
"Latvia","2002","21.94",""
"Latvia","2001","7.21934580836289",""
"Lebanon","2014","74.7",""
"Lebanon","2013","70.5",""
"Lebanon","2012","61.249785718304",""
"Lebanon","2011","52","6"
"Lebanon","2010","43.68","89"
"Lebanon","2009","30.14","89"
"Lebanon","2008","22.53","90"
"Lebanon","2007","18.74",""
"Lebanon","2006","15",""
"Lebanon","2005","10.14","17"
"Lebanon","2004","9",""
"Lebanon","2003","8",""
"Lebanon","2002","7",""
"Lebanon","2001","6.78321977527715",""
"Lesotho","2014","11",""
"Lesotho","2013","5",""
"Lesotho","2012","4.58961762996709",""
"Lesotho","2011","4.2248",""
"Lesotho","2010","3.86",""
"Lesotho","2009","3.72",""
"Lesotho","2008","3.58",""
"Lesotho","2007","3.44543125970873",""
"Lesotho","2006","2.97970818724486",""
"Lesotho","2005","2.58024548419449",""
"Lesotho","2004","2.17552433931097",""
"Lesotho","2003","1.53249659019509",""
"Lesotho","2002","1.08394313737534",""
"Lesotho","2001","0.261150063093855",""
"Liberia","2014","5.41",""
"Liberia","2013","3.2",""
"Liberia","2012","2.6",""
"Liberia","2011","2.5",""
"Liberia","2010","2.3",""
"Liberia","2009","2",""
"Liberia","2008","0.53",""
"Liberia","2007","0.551376580555429",""
"Liberia","2004","0.0310111848040233",""
"Liberia","2003","0.0318689345450327",""
"Liberia","2002","0.0327133071190699",""
"Liberia","2001","0.033812227177592",""
"Libya","2014","17.76",""
"Libya","2013","16.5",""
"Libya","2011","14",""
"Libya","2010","14",""
"Libya","2009","10.8",""
"Libya","2008","9",""
"Libya","2007","4.72199937850513",""
"Libya","2006","4.30105178913002",""
"Libya","2005","3.91778797710285",""
"Libya","2004","3.53283816154549",""
"Libya","2003","2.81451798740855",""
"Libya","2002","2.24441822165946",""
"Libya","2001","0.366533175284228",""
"Liechtenstein","2014","95.21",""
"Liechtenstein","2013","93.8",""
"Liechtenstein","2012","89.4077",""
"Liechtenstein","2011","85","27"
"Liechtenstein","2010","80",""
"Liechtenstein","2009","75",""
"Liechtenstein","2008","70",""
"Liechtenstein","2007","65.080218443168",""
"Liechtenstein","2006","64.2141613630526",""
"Liechtenstein","2005","63.3713561470216",""
"Liechtenstein","2004","64.0074481394199",""
"Liechtenstein","2003","58.8096918372148",""
"Liechtenstein","2002","59.4707106749926",""
"Liechtenstein","2001","45.1168526483592",""
"Lithuania","2014","72.13","7"
"Lithuania","2013","68.4529","7"
"Lithuania","2012","67.2299893276414","8"
"Lithuania","2011","63.6399774002179","9"
"Lithuania","2010","62.12","91"
"Lithuania","2009","59.76","91"
"Lithuania","2008","55.22","91"
"Lithuania","2007","49.9","91"
"Lithuania","2006","43.9","91"
"Lithuania","2005","36.22","91"
"Lithuania","2004","31.23","91"
"Lithuania","2003","25.91","10"
"Lithuania","2002","17.69","10"
"Lithuania","2001","7.17935699381369",""
"Luxembourg","2014","94.67","7"
"Luxembourg","2013","93.7765","7"
"Luxembourg","2012","91.9499237417387","8"
"Luxembourg","2011","90.0298585646936","9"
"Luxembourg","2010","90.62","7"
"Luxembourg","2009","87.31","7"
"Luxembourg","2008","82.23","7"
"Luxembourg","2007","78.92","7"
"Luxembourg","2006","72.51","7"
"Luxembourg","2005","70","7"
"Luxembourg","2004","65.88","7"
"Luxembourg","2003","54.55","7"
"Luxembourg","2002","39.84","67"
"Luxembourg","2001","36.163422506306","92"
"Macao, China","2014","69.78","87"
"Macao, China","2013","65.8","87"
"Macao, China","2012","61.31","87"
"Macao, China","2011","60.2036967182195","93"
"Macao, China","2010","55.198","87"
"Macao, China","2009","54","87"
"Macao, China","2008","49.24","87"
"Macao, China","2007","47.327","94"
"Macao, China","2006","46.4","95"
"Macao, China","2005","34.8629271733959",""
"Macao, China","2004","31.4840973824121",""
"Macao, China","2003","25.7421239826498",""
"Macao, China","2002","25.1718801643395",""
"Macao, China","2001","22.5212167700561",""
"Madagascar","2014","3.7",""
"Madagascar","2013","3",""
"Madagascar","2012","2.3",""
"Madagascar","2011","1.9",""
"Madagascar","2010","1.7",""
"Madagascar","2009","1.63",""
"Madagascar","2008","1.65",""
"Madagascar","2007","0.65",""
"Madagascar","2006","0.607552238860378",""
"Madagascar","2005","0.567721802237403",""
"Madagascar","2004","0.525353654946669",""
"Madagascar","2003","0.423252419277809",""
"Madagascar","2002","0.339720154596142",""
"Madagascar","2001","0.222511586178292",""
"Malawi","2014","5.83",""
"Malawi","2013","5.05",""
"Malawi","2012","4.3506",""
"Malawi","2011","3.33",""
"Malawi","2010","2.26",""
"Malawi","2009","1.07",""
"Malawi","2008","0.7",""
"Malawi","2007","0.965864736553132",""
"Malawi","2006","0.425137489606563",""
"Malawi","2005","0.384489334082782",""
"Malawi","2004","0.347505334967577",""
"Malawi","2003","0.278815116302304",""
"Malawi","2002","0.21509472652259",""
"Malawi","2001","0.164020725330811",""
"Malaysia","2014","67.5",""
"Malaysia","2013","66.97","78"
"Malaysia","2012","65.8","78"
"Malaysia","2011","61","78"
"Malaysia","2010","56.3","78"
"Malaysia","2009","55.9","78"
"Malaysia","2008","55.8","78"
"Malaysia","2007","55.7",""
"Malaysia","2006","51.6379889864403",""
"Malaysia","2005","48.629170245984",""
"Malaysia","2004","42.2522656295248",""
"Malaysia","2003","34.9711523397291",""
"Malaysia","2002","32.3382043389359",""
"Malaysia","2001","26.6959725007084",""
"Maldives","2014","49.28",""
"Maldives","2013","44.1",""
"Maldives","2012","38.9301",""
"Maldives","2011","34",""
"Maldives","2010","26.53","96"
"Maldives","2009","24.8","97"
"Maldives","2008","23.2","97"
"Maldives","2007","16.3","97"
"Maldives","2006","11.0363527828647","97"
"Maldives","2005","6.86960506696215","97"
"Maldives","2004","6.58825487530861","97"
"Maldives","2003","5.97659284988557","97"
"Maldives","2002","5.3477651689359","97"
"Maldives","2001","3.61729064930367","97"
"Mali","2014","7",""
"Mali","2013","3.5",""
"Mali","2012","2.8",""
"Mali","2011","2.2",""
"Mali","2010","2",""
"Mali","2009","1.8",""
"Mali","2008","1.57",""
"Mali","2007","0.81",""
"Mali","2006","0.729627280833101",""
"Mali","2005","0.507063135952247",""
"Mali","2004","0.432819639900985",""
"Mali","2003","0.310364443230575",""
"Mali","2002","0.2270455784917",""
"Mali","2001","0.185897413256084",""
"Malta","2014","73.17","7"
"Malta","2013","68.9138","7"
"Malta","2012","68.1998742928975","8"
"Malta","2011","68.0198237885462","9"
"Malta","2010","63","7"
"Malta","2009","58.86","7"
"Malta","2008","50.08","7"
"Malta","2007","46.9","7"
"Malta","2006","40.41","7"
"Malta","2005","41.24","7"
"Malta","2004","34.62",""
"Malta","2003","31.64",""
"Malta","2002","28.92",""
"Malta","2001","17.8778483243348",""
"Marshall Islands","2014","16.8",""
"Marshall Islands","2013","14",""
"Marshall Islands","2012","12.5",""
"Marshall Islands","2011","10",""
"Marshall Islands","2010","7",""
"Marshall Islands","2009","5.6",""
"Marshall Islands","2008","4.6",""
"Marshall Islands","2007","3.95",""
"Marshall Islands","2006","3.79559021427832",""
"Marshall Islands","2005","3.8787023977433",""
"Marshall Islands","2004","3.59977681383754",""
"Marshall Islands","2003","2.5697503671072",""
"Marshall Islands","2002","2.33544457522934",""
"Marshall Islands","2001","1.7066140776699",""
"Mauritania","2014","10.7",""
"Mauritania","2013","6.2",""
"Mauritania","2012","5",""
"Mauritania","2011","4.5",""
"Mauritania","2010","4",""
"Mauritania","2009","2.28",""
"Mauritania","2008","1.87",""
"Mauritania","2007","1.43361319586788",""
"Mauritania","2006","0.97966125273203",""
"Mauritania","2005","0.669966474877597",""
"Mauritania","2004","0.481470438230954",""
"Mauritania","2003","0.424004895843197",""
"Mauritania","2002","0.363229414608579",""
"Mauritania","2001","0.261448551967195",""
"Mauritius","2014","41.44",""
"Mauritius","2013","39",""
"Mauritius","2012","35.42","98"
"Mauritius","2011","34.95",""
"Mauritius","2010","28.33","19"
"Mauritius","2009","22.51",""
"Mauritius","2008","21.81","92"
"Mauritius","2007","20.22",""
"Mauritius","2006","16.7","92"
"Mauritius","2005","15.1722287524914",""
"Mauritius","2004","13.6890885885342",""
"Mauritius","2003","12.1871062041308",""
"Mauritius","2002","10.252624671916","92"
"Mauritius","2001","8.78090401892036",""
"Mexico","2014","44.39","17"
"Mexico","2013","43.46","17"
"Mexico","2012","39.75","17"
"Mexico","2011","37.1762954125184","17"
"Mexico","2010","31.05","99"
"Mexico","2009","26.34","99"
"Mexico","2008","21.71","99"
"Mexico","2007","20.81","99"
"Mexico","2006","19.52","99"
"Mexico","2005","17.21","99"
"Mexico","2004","14.1","17"
"Mexico","2003","12.9","100"
"Mexico","2002","11.9","17"
"Mexico","2001","7.0380231165045",""
"Micronesia (Fed. States of)","2014","29.65",""
"Micronesia (Fed. States of)","2013","27.8",""
"Micronesia (Fed. States of)","2012","25.9744230029883",""
"Micronesia (Fed. States of)","2011","22.8",""
"Micronesia (Fed. States of)","2010","20",""
"Micronesia (Fed. States of)","2009","15.35",""
"Micronesia (Fed. States of)","2008","14.49",""
"Micronesia (Fed. States of)","2007","13.6211327333981",""
"Micronesia (Fed. States of)","2006","12.7503392500979",""
"Micronesia (Fed. States of)","2005","11.8813690993008",""
"Micronesia (Fed. States of)","2004","11.0178673081514",""
"Micronesia (Fed. States of)","2003","9.23250210039423",""
"Micronesia (Fed. States of)","2002","5.57009970478472",""
"Micronesia (Fed. States of)","2001","4.66052719883673",""
"Moldova","2014","46.6",""
"Moldova","2013","45",""
"Moldova","2012","43.37",""
"Moldova","2011","38",""
"Moldova","2010","32.3",""
"Moldova","2009","27.5",""
"Moldova","2008","23.39","101"
"Moldova","2007","20.45",""
"Moldova","2006","19.6206477051634",""
"Moldova","2005","14.6302704551796",""
"Moldova","2004","10.629390841654",""
"Moldova","2003","7.40754458415897",""
"Moldova","2002","3.78724279887342",""
"Moldova","2001","1.48781295215565",""
"Monaco","2014","92.4",""
"Monaco","2013","90.7",""
"Monaco","2012","87",""
"Monaco","2011","80.3",""
"Monaco","2010","75",""
"Monaco","2009","70.1",""
"Monaco","2008","67.25",""
"Monaco","2007","64.3776824034335",""
"Monaco","2006","61.4760397135217",""
"Monaco","2005","55.4648260561427",""
"Monaco","2004","52.4901966838546",""
"Monaco","2003","49.4911689195459",""
"Monaco","2002","48.0471171729696",""
"Monaco","2001","46.6461423640265",""
"Mongolia","2014","27",""
"Mongolia","2013","20",""
"Mongolia","2012","16.4","102"
"Mongolia","2011","12.4999911084745",""
"Mongolia","2010","10.2","78"
"Mongolia","2009","10",""
"Mongolia","2008","9.8",""
"Mongolia","2007","9",""
"Mongolia","2002","2.0395726034818",""
"Mongolia","2001","1.65323823906982",""
"Montenegro","2014","61",""
"Montenegro","2013","60.31","7"
"Montenegro","2012","56.8387825490631","7"
"Montenegro","2011","35.6115412460109","7"
"Montenegro","2010","37.5",""
"Montenegro","2009","35.1",""
"Montenegro","2008","32.9",""
"Montenegro","2007","30.8",""
"Montenegro","2006","28.9",""
"Montenegro","2005","27.1",""
"Montenegro","2004","25.3500686036232",""
"Morocco","2014","56.8","103"
"Morocco","2013","56","104"
"Morocco","2012","55.4160531914894","105"
"Morocco","2011","46.107482597","106"
"Morocco","2010","52","107"
"Morocco","2009","41.3","108"
"Morocco","2008","33.1","109"
"Morocco","2007","21.5","109"
"Morocco","2006","19.7711915653115","109"
"Morocco","2005","15.0844445240204","109"
"Morocco","2004","11.6079347729582","109"
"Morocco","2003","3.35336668122363",""
"Morocco","2002","2.37325319241544",""
"Morocco","2001","1.37143810096418",""
"Mozambique","2014","5.94",""
"Mozambique","2013","5.4",""
"Mozambique","2012","4.8491",""
"Mozambique","2011","4.3",""
"Mozambique","2010","4.17",""
"Mozambique","2009","2.68",""
"Mozambique","2008","1.56",""
"Mozambique","2007","0.91",""
"Mozambique","2006","0.842954488044236",""
"Mozambique","2005","0.854357118107528",""
"Mozambique","2004","0.679447835392438",""
"Mozambique","2003","0.419538843913707",""
"Mozambique","2002","0.259612611253739",""
"Mozambique","2001","0.160031946644069",""
"Myanmar","2014","2.1",""
"Myanmar","2013","1.6",""
"Myanmar","2012","1.0691",""
"Myanmar","2011","0.98",""
"Myanmar","2010","0.25",""
"Myanmar","2009","0.22",""
"Myanmar","2008","0.22",""
"Myanmar","2007","0.217128445069958",""
"Myanmar","2006","0.18204833106115",""
"Myanmar","2005","0.0652388555011476",""
"Myanmar","2004","0.024337392002823",""
"Myanmar","2003","0.0240641491408465",""
"Myanmar","2002","0.00042649350636189",""
"Myanmar","2001","0.000289277380848561",""
"Namibia","2014","14.84",""
"Namibia","2013","13.9",""
"Namibia","2012","12.9414",""
"Namibia","2011","12",""
"Namibia","2010","11.6",""
"Namibia","2009","6.5",""
"Namibia","2008","5.32900377208954",""
"Namibia","2007","4.83561077833704",""
"Namibia","2006","4.39887064732726",""
"Namibia","2005","4.01004664442375",""
"Namibia","2004","3.8047156152631",""
"Namibia","2003","3.35983988553801",""
"Namibia","2002","2.63369976876116",""
"Namibia","2001","2.41697944170998",""
"Nauru","2011","54","6"
"Nauru","2001","2.98715523250025",""
"Nepal","2014","15.44",""
"Nepal","2013","13.3",""
"Nepal","2012","11.1493",""
"Nepal","2011","9","75"
"Nepal","2010","7.93","75"
"Nepal","2009","1.97",""
"Nepal","2008","1.73",""
"Nepal","2007","1.41",""
"Nepal","2006","1.14138916388191",""
"Nepal","2005","0.82655126590551",""
"Nepal","2004","0.449843651215974",""
"Nepal","2003","0.382810917017044",""
"Nepal","2002","0.312956060108532",""
"Nepal","2001","0.240015303375743","110"
"Netherlands","2014","93.17","7"
"Netherlands","2013","93.9564","7"
"Netherlands","2012","92.859992359525","8"
"Netherlands","2011","91.4199957622284","9"
"Netherlands","2010","90.72","91"
"Netherlands","2009","89.63","91"
"Netherlands","2008","87.42","91"
"Netherlands","2007","85.82","91"
"Netherlands","2006","83.7","91"
"Netherlands","2005","81","91"
"Netherlands","2004","68.52","10"
"Netherlands","2003","64.35","10"
"Netherlands","2002","61.29","10"
"Netherlands","2001","49.3730621073123",""
"New Caledonia","2014","70",""
"New Caledonia","2013","66",""
"New Caledonia","2012","58",""
"New Caledonia","2011","50",""
"New Caledonia","2010","42",""
"New Caledonia","2009","33.99",""
"New Caledonia","2008","34.51",""
"New Caledonia","2007","35.05",""
"New Caledonia","2006","33.5157146807209",""
"New Caledonia","2005","32.3590147531561",""
"New Caledonia","2004","30.2980462088488",""
"New Caledonia","2003","26.4083344703588",""
"New Caledonia","2002","22.389797417113",""
"New Caledonia","2001","18.2371097828416",""
"New Zealand","2014","85.5",""
"New Zealand","2013","82.78",""
"New Zealand","2012","82","111"
"New Zealand","2011","81.23",""
"New Zealand","2010","80.46",""
"New Zealand","2009","79.7","6"
"New Zealand","2008","72.03","112"
"New Zealand","2007","69.76","112"
"New Zealand","2006","69","6"
"New Zealand","2005","62.7202123689541",""
"New Zealand","2004","61.8476278106481",""
"New Zealand","2003","60.9625398663824",""
"New Zealand","2002","59.0807532812931",""
"New Zealand","2001","53.2410152941279",""
"Nicaragua","2014","17.6",""
"Nicaragua","2013","15.5",""
"Nicaragua","2012","13.5",""
"Nicaragua","2011","10.6",""
"Nicaragua","2010","10",""
"Nicaragua","2009","7.3",""
"Nicaragua","2008","5.3",""
"Nicaragua","2007","3.9",""
"Nicaragua","2006","2.8055730627337",""
"Nicaragua","2005","2.56635117656203",""
"Nicaragua","2004","2.32066460863941",""
"Nicaragua","2003","1.88041253242301",""
"Nicaragua","2002","1.71472958428668",""
"Nicaragua","2001","1.44879942820716",""
"Niger","2014","1.95",""
"Niger","2013","1.7",""
"Niger","2012","1.4077",""
"Niger","2011","1.3",""
"Niger","2010","0.83",""
"Niger","2009","0.76",""
"Niger","2008","0.7",""
"Niger","2007","0.390390619762082",""
"Niger","2006","0.294033977096223",""
"Niger","2005","0.221341351487395",""
"Niger","2004","0.189933733703092",""
"Niger","2003","0.155698703668983",""
"Niger","2002","0.127152468779619",""
"Niger","2001","0.10518543139701",""
"Nigeria","2014","42.68",""
"Nigeria","2013","38",""
"Nigeria","2012","32.8",""
"Nigeria","2011","28.43",""
"Nigeria","2010","24",""
"Nigeria","2009","20",""
"Nigeria","2008","15.86",""
"Nigeria","2007","6.77",""
"Nigeria","2006","5.54503608300536",""
"Nigeria","2005","3.54915571796492",""
"Nigeria","2004","1.28613764134527",""
"Nigeria","2003","0.558576244860521",""
"Nigeria","2002","0.320461975542327",""
"Nigeria","2001","0.089901370457273",""
"Norway","2014","96.3","7"
"Norway","2013","95.0534","7"
"Norway","2012","94.6499780533304","8"
"Norway","2011","93.4899826515194","9"
"Norway","2010","93.39","28"
"Norway","2009","92.08","7"
"Norway","2008","90.57","7"
"Norway","2007","86.93","7"
"Norway","2006","82.55","7"
"Norway","2005","81.99","7"
"Norway","2004","77.69","7"
"Norway","2003","78.13","7"
"Norway","2002","72.84",""
"Norway","2001","64",""
"Oman","2014","70.22",""
"Oman","2013","66.45","113"
"Oman","2012","60",""
"Oman","2011","48",""
"Oman","2010","35.8278","1"
"Oman","2009","26.8",""
"Oman","2008","20",""
"Oman","2007","16.68","114"
"Oman","2006","8.299716672503",""
"Oman","2005","6.68358142020519",""
"Oman","2004","6.75885217024525",""
"Oman","2003","7.25574294536556",""
"Oman","2002","6.87339603918545","115"
"Oman","2001","5.89384152148671","115"
"Pakistan","2014","13.8",""
"Pakistan","2013","10.9",""
"Pakistan","2012","9.96",""
"Pakistan","2011","9",""
"Pakistan","2010","8",""
"Pakistan","2009","7.5",""
"Pakistan","2008","7",""
"Pakistan","2007","6.8",""
"Pakistan","2006","6.5",""
"Pakistan","2005","6.33232909830782",""
"Pakistan","2004","6.16432098534156",""
"Pakistan","2003","5.04115812592502",""
"Pakistan","2002","2.57742673683831",""
"Pakistan","2001","1.31855077925626",""
"Palau","2004","26.9703326341025",""
"Palau","2003","21.6015271777354",""
"Palau","2002","20.243939470621",""
"Palestine","2014","53.67","58"
"Palestine","2013","46.6",""
"Palestine","2012","43.4",""
"Palestine","2011","41.08","78"
"Palestine","2010","37.4","78"
"Palestine","2009","32.23","58"
"Palestine","2008","24.358","58"
"Palestine","2007","21.176","58"
"Palestine","2006","18.41","58"
"Palestine","2005","16.005","58"
"Palestine","2004","4.40090482603223",""
"Palestine","2003","4.13061635632919",""
"Palestine","2002","3.10009223512517",""
"Palestine","2001","1.83685483917877",""
"Panama","2014","44.92",""
"Panama","2013","44.03",""
"Panama","2012","40.3018952210488","116"
"Panama","2011","42.7","117"
"Panama","2010","40.1","118"
"Panama","2009","39.08","119"
"Panama","2008","33.82","119"
"Panama","2007","22.29",""
"Panama","2006","17.3495661695931",""
"Panama","2005","11.4840092783071",""
"Panama","2004","11.1408625409415",""
"Panama","2003","9.98742407723405",""
"Panama","2002","8.51807781515595",""
"Panama","2001","7.26839987788729",""
"Papua New Guinea","2014","9.38",""
"Papua New Guinea","2013","6.5",""
"Papua New Guinea","2012","3.5",""
"Papua New Guinea","2011","2",""
"Papua New Guinea","2010","1.28","58"
"Papua New Guinea","2009","1.61","58"
"Papua New Guinea","2008","1.15","58"
"Papua New Guinea","2007","1.79055936140245",""
"Papua New Guinea","2006","1.754487260668",""
"Papua New Guinea","2005","1.71619047556782",""
"Papua New Guinea","2004","1.5079127722725",""
"Papua New Guinea","2003","1.37440466802801",""
"Papua New Guinea","2002","1.3216569348661",""
"Papua New Guinea","2001","0.904103545170821",""
"Paraguay","2014","43","25"
"Paraguay","2013","36.9","25"
"Paraguay","2012","29.34","25"
"Paraguay","2011","24.7635158793993","25"
"Paraguay","2010","19.8","25"
"Paraguay","2009","18.9","25"
"Paraguay","2008","14.27","25"
"Paraguay","2007","11.21","25"
"Paraguay","2006","7.96207388394416","120"
"Paraguay","2005","7.90700786141285","25"
"Paraguay","2004","3.45243843137079",""
"Paraguay","2003","2.11194208210034",""
"Paraguay","2002","1.79496959770244",""
"Paraguay","2001","1.09879383569333",""
"Peru","2014","40.2","17"
"Peru","2013","39.2","17"
"Peru","2012","38.2","17"
"Peru","2011","36.01","121"
"Peru","2010","34.77","17"
"Peru","2009","31.4","17"
"Peru","2008","30.57","122"
"Peru","2007","25.2","123"
"Peru","2006","20.7","123"
"Peru","2005","17.1","123"
"Peru","2004","14.1","123"
"Peru","2003","11.6",""
"Peru","2002","8.96694917040028",""
"Peru","2001","7.57876295717419",""
"Philippines","2014","39.69",""
"Philippines","2013","37",""
"Philippines","2012","36.2351",""
"Philippines","2011","29",""
"Philippines","2010","25",""
"Philippines","2009","9",""
"Philippines","2008","6.22",""
"Philippines","2007","5.97",""
"Philippines","2006","5.74058632534702",""
"Philippines","2005","5.3976363293955",""
"Philippines","2004","5.2436284521711",""
"Philippines","2003","4.85767226708512",""
"Philippines","2002","4.33227574643007",""
"Philippines","2001","2.52400566008269",""
"Poland","2014","66.6","7"
"Poland","2013","62.8492","7"
"Poland","2012","62.3099972714691","8"
"Poland","2011","61.94999896898","9"
"Poland","2010","62.32","7"
"Poland","2009","58.97","7"
"Poland","2008","53.13","7"
"Poland","2007","48.6","7"
"Poland","2006","44.58","7"
"Poland","2005","38.81","7"
"Poland","2004","32.53","7"
"Poland","2003","24.87",""
"Poland","2002","21.15",""
"Poland","2001","9.9006697073534",""
"Portugal","2014","64.59","7"
"Portugal","2013","62.0956","7"
"Portugal","2012","60.3399974868057","8"
"Portugal","2011","55.2499968797194","9"
"Portugal","2010","53.3","7"
"Portugal","2009","48.27","7"
"Portugal","2008","44.13","7"
"Portugal","2007","42.09","7"
"Portugal","2006","38.01","7"
"Portugal","2005","34.99","7"
"Portugal","2004","31.78","7"
"Portugal","2003","29.67","7"
"Portugal","2002","19.37","10"
"Portugal","2001","18.0871365595338",""
"Puerto Rico","2014","78.78",""
"Puerto Rico","2013","73.9",""
"Puerto Rico","2012","68.9999826014151","124"
"Puerto Rico","2011","48","125"
"Puerto Rico","2010","45.3","126"
"Puerto Rico","2009","41.5","92"
"Puerto Rico","2008","38","127"
"Puerto Rico","2007","27.86",""
"Puerto Rico","2006","25.4424182102582",""
"Puerto Rico","2005","23.4000504486583",""
"Puerto Rico","2004","22.1307382347014",""
"Puerto Rico","2003","19.7070256578252",""
"Puerto Rico","2002","17.5476475654777",""
"Puerto Rico","2001","15.6300309162012",""
"Qatar","2014","91.49",""
"Qatar","2013","85.3","128"
"Qatar","2012","69.3","129"
"Qatar","2011","69","130"
"Qatar","2010","69","130"
"Qatar","2009","53.1",""
"Qatar","2008","44.3",""
"Qatar","2007","37",""
"Qatar","2006","28.9741127135829",""
"Qatar","2005","24.733493781051",""
"Qatar","2004","20.701647851169",""
"Qatar","2003","19.242336421002",""
"Qatar","2002","10.2261289281118",""
"Qatar","2001","6.17026856093911",""
"Romania","2014","54.08","7"
"Romania","2013","49.7645","7"
"Romania","2012","45.8799942529424","8"
"Romania","2011","40.0099967810008","9"
"Romania","2010","39.93","7"
"Romania","2009","36.6","7"
"Romania","2008","32.42","7"
"Romania","2007","28.3","7"
"Romania","2006","24.66","7"
"Romania","2005","21.5","131"
"Romania","2004","15",""
"Romania","2003","8.9",""
"Romania","2002","6.58",""
"Romania","2001","4.53866902895312",""
"Russia","2014","70.52","132"
"Russia","2013","67.97","132"
"Russia","2012","63.8",""
"Russia","2011","49",""
"Russia","2010","43","7"
"Russia","2009","29","133"
"Russia","2008","26.83",""
"Russia","2007","24.66",""
"Russia","2006","18.0232774617216",""
"Russia","2005","15.2266731976522",""
"Russia","2004","12.8593889008473",""
"Russia","2003","8.29886061553908",""
"Russia","2002","4.12827181796644",""
"Russia","2001","2.94436778664985",""
"Rwanda","2014","10.6",""
"Rwanda","2013","9",""
"Rwanda","2012","8.02385427694765",""
"Rwanda","2011","7",""
"Rwanda","2010","8",""
"Rwanda","2009","7.7","134"
"Rwanda","2008","4.5",""
"Rwanda","2007","2.11538717825754",""
"Rwanda","2005","0.556041164839515",""
"Rwanda","2004","0.43085424337006",""
"Rwanda","2003","0.356918467272361",""
"Rwanda","2002","0.292784718792575",""
"Rwanda","2001","0.240672409832383",""
"Saint Kitts and Nevis","2014","65.4",""
"Saint Kitts and Nevis","2013","64.6",""
"Saint Kitts and Nevis","2012","64",""
"Saint Kitts and Nevis","2011","63.2",""
"Saint Kitts and Nevis","2010","63",""
"Saint Kitts and Nevis","2009","55.7",""
"Saint Kitts and Nevis","2008","49.2",""
"Saint Kitts and Nevis","2007","43.5",""
"Saint Kitts and Nevis","2006","38.5",""
"Saint Kitts and Nevis","2005","34",""
"Saint Kitts and Nevis","2004","24.7376775443732",""
"Saint Kitts and Nevis","2003","22.9697842928439",""
"Saint Kitts and Nevis","2002","21.152381758186",""
"Saint Kitts and Nevis","2001","7.71472655580319",""
"Saint Lucia","2014","51",""
"Saint Lucia","2013","46.2",""
"Saint Lucia","2012","45.9","135"
"Saint Lucia","2011","44",""
"Saint Lucia","2010","43.3","136"
"Saint Lucia","2009","36",""
"Saint Lucia","2008","32",""
"Saint Lucia","2007","27.9",""
"Saint Lucia","2006","24.5",""
"Saint Lucia","2005","21.5675829464215",""
"Saint Lucia","2004","21.395212362765",""
"Saint Lucia","2003","20.9824734633424",""
"Saint Lucia","2002","14.6418357746777",""
"Saint Lucia","2001","8.18186395448366",""
"Samoa","2014","21.2",""
"Samoa","2013","15.3",""
"Samoa","2012","12.92249",""
"Samoa","2011","11",""
"Samoa","2010","7",""
"Samoa","2009","6",""
"Samoa","2008","5.03161531623702",""
"Samoa","2007","4.74998323535329",""
"Samoa","2006","4.46917387320954",""
"Samoa","2005","3.35259211246829",""
"Samoa","2004","3.07552941044897",""
"Samoa","2003","2.79963044878076",""
"Samoa","2002","2.24483267578443",""
"Samoa","2001","1.68990283058724",""
"San Marino","2011","49.6",""
"San Marino","2009","54.21",""
"San Marino","2008","54.52",""
"San Marino","2007","50.3648221088655",""
"San Marino","2006","50.2086593635889",""
"San Marino","2005","50.2595641966736",""
"San Marino","2004","50.5663430420712",""
"San Marino","2003","50.003453038674",""
"San Marino","2002","50.8348399446985",""
"San Marino","2001","50.3416690898517",""
"Sao Tome and Principe","2014","24.41",""
"Sao Tome and Principe","2013","23",""
"Sao Tome and Principe","2012","21.5724",""
"Sao Tome and Principe","2011","20.1612",""
"Sao Tome and Principe","2010","18.75",""
"Sao Tome and Principe","2009","16.41",""
"Sao Tome and Principe","2008","15.48",""
"Sao Tome and Principe","2007","14.5904831987414",""
"Sao Tome and Principe","2006","14.1820197774712",""
"Sao Tome and Principe","2005","13.759484215906",""
"Sao Tome and Principe","2004","13.3228526892178",""
"Sao Tome and Principe","2003","10.1618443069961",""
"Sao Tome and Principe","2002","7.580665168911",""
"Sao Tome and Principe","2001","6.31091788794615",""
"Saudi Arabia","2014","63.7","78"
"Saudi Arabia","2013","60.5",""
"Saudi Arabia","2012","54",""
"Saudi Arabia","2011","47.5",""
"Saudi Arabia","2010","41",""
"Saudi Arabia","2009","38",""
"Saudi Arabia","2008","36",""
"Saudi Arabia","2007","30",""
"Saudi Arabia","2006","19.4595543513634",""
"Saudi Arabia","2005","12.7050359882849",""
"Saudi Arabia","2004","10.2345329969583",""
"Saudi Arabia","2003","8.00158289090878",""
"Saudi Arabia","2002","6.38470501955932",""
"Saudi Arabia","2001","4.6810531658103",""
"Senegal","2014","17.7","78"
"Senegal","2013","13.1","78"
"Senegal","2012","10.8","78"
"Senegal","2011","9.8","137"
"Senegal","2010","8","138"
"Senegal","2009","7.5","139"
"Senegal","2008","7.12",""
"Senegal","2007","6.89",""
"Senegal","2006","5.61173865217952",""
"Senegal","2005","4.78668408310535",""
"Senegal","2004","4.38602398008563",""
"Senegal","2003","2.10143642986685",""
"Senegal","2002","1.00645453672323",""
"Senegal","2001","0.983794058848003",""
"Serbia","2014","53.5",""
"Serbia","2013","51.5",""
"Serbia","2012","48.1",""
"Serbia","2011","42.2",""
"Serbia","2010","40.9",""
"Serbia","2009","38.1",""
"Serbia","2008","35.6",""
"Serbia","2007","33.15","7"
"Serbia","2006","27.2","7"
"Serbia","2005","26.3","7"
"Serbia","2004","23.5","7"
"Seychelles","2014","54.26",""
"Seychelles","2013","50.4",""
"Seychelles","2012","47.076",""
"Seychelles","2011","43.16400446",""
"Seychelles","2010","41",""
"Seychelles","2008","40.44",""
"Seychelles","2007","38.38",""
"Seychelles","2006","34.95197117065",""
"Seychelles","2005","25.4132681462836",""
"Seychelles","2004","24.2721392249906",""
"Seychelles","2003","14.5925043169492",""
"Seychelles","2002","14.3041708309972",""
"Seychelles","2001","11.0151029300174","140"
"Sierra Leone","2014","2.1",""
"Sierra Leone","2013","1.7",""
"Sierra Leone","2012","1.3",""
"Sierra Leone","2011","0.9",""
"Sierra Leone","2010","0.58",""
"Sierra Leone","2009","0.26",""
"Sierra Leone","2008","0.25",""
"Sierra Leone","2007","0.239834698546233",""
"Sierra Leone","2006","0.227669467190838",""
"Sierra Leone","2005","0.215391610340129",""
"Sierra Leone","2004","0.203007680592588",""
"Sierra Leone","2003","0.190173281668183",""
"Sierra Leone","2002","0.176198956814076",""
"Sierra Leone","2001","0.160264445493032",""
"Singapore","2014","82","23"
"Singapore","2013","81","141"
"Singapore","2012","72","141"
"Singapore","2011","71","141"
"Singapore","2010","71","142"
"Singapore","2009","69","142"
"Singapore","2008","69","142"
"Singapore","2007","69.9","142"
"Singapore","2006","59","6"
"Singapore","2005","61","6"
"Singapore","2004","62","6"
"Singapore","2003","53.8379432881911",""
"Singapore","2002","47",""
"Singapore","2001","41.6704251756041",""
"Slovak Republic","2014","79.98","7"
"Slovak Republic","2013","77.8826","7"
"Slovak Republic","2012","76.7099901181121","8"
"Slovak Republic","2011","74.4399971746757","9"
"Slovak Republic","2010","75.71","143"
"Slovak Republic","2009","70","143"
"Slovak Republic","2008","66.05","143"
"Slovak Republic","2007","61.8","7"
"Slovak Republic","2006","56.08","7"
"Slovak Republic","2005","55.19","7"
"Slovak Republic","2004","52.89","7"
"Slovak Republic","2003","43.04",""
"Slovak Republic","2002","40.14",""
"Slovak Republic","2001","12.5283218484637",""
"Slovenia","2014","71.59","7"
"Slovenia","2013","72.6756","7"
"Slovenia","2012","68.3499745287825","8"
"Slovenia","2011","67.3399948092396","9"
"Slovenia","2010","70","7"
"Slovenia","2009","64","7"
"Slovenia","2008","58","7"
"Slovenia","2007","56.74","7"
"Slovenia","2006","54.01","7"
"Slovenia","2005","46.81","144"
"Slovenia","2004","40.81",""
"Slovenia","2003","31.8547930120441",""
"Slovenia","2002","27.8388854180687",""
"Slovenia","2001","30.1759104700854",""
"Solomon Islands","2014","9",""
"Solomon Islands","2013","8",""
"Solomon Islands","2012","6.9974",""
"Solomon Islands","2011","6",""
"Solomon Islands","2010","5",""
"Solomon Islands","2009","4",""
"Solomon Islands","2008","3",""
"Solomon Islands","2007","2",""
"Solomon Islands","2006","1.64634798857435",""
"Solomon Islands","2005","0.844307572805697",""
"Solomon Islands","2004","0.64967267325146",""
"Solomon Islands","2003","0.555609881855115",""
"Solomon Islands","2002","0.501919843401009",""
"Solomon Islands","2001","0.468551963584141",""
"Somalia","2014","1.63",""
"Somalia","2013","1.5",""
"Somalia","2012","1.3767",""
"Somalia","2011","1.25",""
"Somalia","2009","1.16061054246061",""
"Somalia","2008","1.14268737216185",""
"Somalia","2007","1.12223562161375",""
"Somalia","2006","1.10021636808277",""
"Somalia","2005","1.07732783912096",""
"Somalia","2004","1.05345474358422",""
"Somalia","2003","0.376198002539086",""
"Somalia","2002","0.115614213354469",""
"Somalia","2001","0.0790391786670095",""
"South Africa","2014","49",""
"South Africa","2013","46.5",""
"South Africa","2012","41",""
"South Africa","2011","33.97","19"
"South Africa","2010","24",""
"South Africa","2009","10",""
"South Africa","2008","8.43",""
"South Africa","2007","8.06537517355504",""
"South Africa","2006","7.60713967477381",""
"South Africa","2005","7.48854252992921",""
"South Africa","2004","8.4251186825406",""
"South Africa","2003","7.00769172611251",""
"South Africa","2002","6.71032243705404",""
"South Africa","2001","6.34661931839768",""
"South Sudan","2014","15.9",""
"South Sudan","2013","14.1",""
"South Sudan","2010","7",""
"Spain","2014","76.19","7"
"Spain","2013","71.635","7"
"Spain","2012","69.8099999420024","8"
"Spain","2011","67.6","145"
"Spain","2010","65.8","145"
"Spain","2009","62.4","145"
"Spain","2008","59.6","145"
"Spain","2007","55.11","91"
"Spain","2006","50.37","91"
"Spain","2005","47.88","91"
"Spain","2004","44.01","91"
"Spain","2003","39.93","10"
"Spain","2002","20.39","10"
"Spain","2001","18.1487226902932","146"
"Sri Lanka","2014","25.8",""
"Sri Lanka","2013","21.9",""
"Sri Lanka","2012","18.2854",""
"Sri Lanka","2011","15",""
"Sri Lanka","2010","12",""
"Sri Lanka","2009","8.78",""
"Sri Lanka","2008","5.8",""
"Sri Lanka","2007","3.88",""
"Sri Lanka","2006","2.53756612897332",""
"Sri Lanka","2005","1.79204679392588",""
"Sri Lanka","2004","1.44615998041486",""
"Sri Lanka","2003","1.45858022842408",""
"Sri Lanka","2002","1.05042270585318",""
"Sri Lanka","2001","0.793821864362622",""
"St. Vincent and the Grenadines","2014","56.48",""
"St. Vincent and the Grenadines","2013","52",""
"St. Vincent and the Grenadines","2012","47.52",""
"St. Vincent and the Grenadines","2011","43.01",""
"St. Vincent and the Grenadines","2010","38.5",""
"St. Vincent and the Grenadines","2009","31",""
"St. Vincent and the Grenadines","2008","21",""
"St. Vincent and the Grenadines","2007","16",""
"St. Vincent and the Grenadines","2006","12",""
"St. Vincent and the Grenadines","2005","9.19827808234299","27"
"St. Vincent and the Grenadines","2004","7.37116584201749","27"
"St. Vincent and the Grenadines","2003","6.46227416659743","27"
"St. Vincent and the Grenadines","2002","5.54959487957379","147"
"St. Vincent and the Grenadines","2001","5.09480977832946","147"
"Sudan","2014","24.64",""
"Sudan","2013","22.7",""
"Sudan","2012","21","6"
"Sudan","2011","17.46",""
"Sudan","2010","16.7",""
"Sudan","2007","8.66",""
"Sudan","2005","1.29204067798853",""
"Sudan","2004","0.791561615446385",""
"Sudan","2003","0.538471703150458",""
"Sudan","2002","0.439477639075583",""
"Sudan","2001","0.140185224494161",""
"Suriname","2014","40.08",""
"Suriname","2013","37.4",""
"Suriname","2012","34.6812",""
"Suriname","2011","32",""
"Suriname","2010","31.59",""
"Suriname","2009","31.36",""
"Suriname","2008","21.06",""
"Suriname","2007","14.11",""
"Suriname","2006","9.49962694173364",""
"Suriname","2005","6.40308628759062",""
"Suriname","2004","6.0760478144456",""
"Suriname","2003","4.71987539528956",""
"Suriname","2002","4.1615687449541",""
"Suriname","2001","3.06444838873752",""
"Swaziland","2014","27.1",""
"Swaziland","2013","24.7",""
"Swaziland","2012","20.7817825772944",""
"Swaziland","2011","18.13","148"
"Swaziland","2010","11.04",""
"Swaziland","2009","8.94",""
"Swaziland","2008","6.85",""
"Swaziland","2007","4.1",""
"Swaziland","2006","3.69653878906882",""
"Swaziland","2005","3.69696107291824",""
"Swaziland","2004","3.22868507316111",""
"Swaziland","2003","2.43707385055863",""
"Swaziland","2002","1.81620380712642",""
"Swaziland","2001","1.28159005046719",""
"Sweden","2014","92.52","7"
"Sweden","2013","94.7836","7"
"Sweden","2012","93.1799880065108","8"
"Sweden","2011","92.7699860554046","9"
"Sweden","2010","90","149"
"Sweden","2009","91","149"
"Sweden","2008","90","149"
"Sweden","2007","82.01","7"
"Sweden","2006","87.76","7"
"Sweden","2005","84.83","7"
"Sweden","2004","83.89","7"
"Sweden","2003","79.13","7"
"Sweden","2002","70.57","67"
"Sweden","2001","51.7656649372808",""
"Switzerland","2014","87","150"
"Switzerland","2013","86.34","150"
"Switzerland","2012","85.2","150"
"Switzerland","2011","85.1930281804854","150"
"Switzerland","2010","83.9","150"
"Switzerland","2009","81.3","150"
"Switzerland","2008","79.2","150"
"Switzerland","2007","77.2","150"
"Switzerland","2006","75.7","150"
"Switzerland","2005","70.1","150"
"Switzerland","2004","67.8","150"
"Switzerland","2003","65.1","150"
"Switzerland","2002","61.4","150"
"Switzerland","2001","55.1","150"
"Syria","2014","28.09",""
"Syria","2013","26.2",""
"Syria","2012","24.3001",""
"Syria","2011","22.5","27"
"Syria","2010","20.7",""
"Syria","2009","17.3",""
"Syria","2008","14",""
"Syria","2007","11.5",""
"Syria","2006","7.83255156888787",""
"Syria","2005","5.64810604883917",""
"Syria","2004","4.32159377785571",""
"Syria","2003","3.39797261356623",""
"Syria","2002","2.09310101861765",""
"Syria","2001","0.353759130007247",""
"T.F.Y.R. Macedonia","2014","68.06","151"
"T.F.Y.R. Macedonia","2013","65.24","151"
"T.F.Y.R. Macedonia","2012","57.449947312961","151"
"T.F.Y.R. Macedonia","2011","56.7","152"
"T.F.Y.R. Macedonia","2010","51.9","153"
"T.F.Y.R. Macedonia","2009","51.77","7"
"T.F.Y.R. Macedonia","2008","46.04","7"
"T.F.Y.R. Macedonia","2007","36.3","7"
"T.F.Y.R. Macedonia","2006","28.62","7"
"T.F.Y.R. Macedonia","2005","26.45","7"
"T.F.Y.R. Macedonia","2004","24.44","7"
"T.F.Y.R. Macedonia","2003","19.07",""
"T.F.Y.R. Macedonia","2002","17.33",""
"T.F.Y.R. Macedonia","2001","3.46818460849398",""
"Tajikistan","2014","17.49",""
"Tajikistan","2013","16",""
"Tajikistan","2012","14.51",""
"Tajikistan","2011","13.03",""
"Tajikistan","2010","11.55",""
"Tajikistan","2009","10.07",""
"Tajikistan","2008","8.78",""
"Tajikistan","2007","7.19761951797855",""
"Tajikistan","2006","3.77240620666448",""
"Tajikistan","2005","0.298690023682825",""
"Tajikistan","2004","0.0774799071356825",""
"Tajikistan","2003","0.0645837771508553",""
"Tajikistan","2002","0.0554628269910006",""
"Tajikistan","2001","0.0512591325352927",""
"Tanzania","2014","4.86",""
"Tanzania","2013","4.4",""
"Tanzania","2012","3.95",""
"Tanzania","2011","3.2",""
"Tanzania","2010","2.9",""
"Tanzania","2009","2.4",""
"Tanzania","2008","1.9",""
"Tanzania","2007","1.6",""
"Tanzania","2006","1.3",""
"Tanzania","2005","1.1",""
"Tanzania","2004","0.87757497099259",""
"Tanzania","2003","0.676962856510303",""
"Tanzania","2002","0.222484413923909",""
"Tanzania","2001","0.171300350668948",""
"Thailand","2014","34.89","154"
"Thailand","2013","28.94","17"
"Thailand","2012","26.46","17"
"Thailand","2011","23.669925618731","155"
"Thailand","2010","22.4",""
"Thailand","2009","20.1",""
"Thailand","2008","18.2",""
"Thailand","2007","20.03",""
"Thailand","2006","17.1607147169285",""
"Thailand","2005","15.0260043588909",""
"Thailand","2004","10.6773033237281",""
"Thailand","2003","9.29902723805965",""
"Thailand","2002","7.53125033488567",""
"Thailand","2001","5.55632612097332",""
"Timor-Leste","2014","1.14",""
"Timor-Leste","2013","1.1",""
"Timor-Leste","2012","0.9147",""
"Timor-Leste","2011","0.9",""
"Timor-Leste","2010","0.21",""
"Timor-Leste","2009","0.185251509799805",""
"Timor-Leste","2008","0.163876815618553",""
"Timor-Leste","2007","0.140958763923202",""
"Timor-Leste","2006","0.116628276525644",""
"Timor-Leste","2005","0.0990317678179026",""
"Timor-Leste","2002","0",""
"Togo","2014","5.7",""
"Togo","2013","4.5",""
"Togo","2012","4",""
"Togo","2011","3.5",""
"Togo","2010","3",""
"Togo","2009","2.6",""
"Togo","2008","2.4",""
"Togo","2007","2.2",""
"Togo","2006","2",""
"Togo","2005","1.8",""
"Togo","2004","1.5",""
"Togo","2003","1.2",""
"Togo","2002","1",""
"Togo","2001","0.9",""
"Tonga","2014","40",""
"Tonga","2013","35",""
"Tonga","2012","33",""
"Tonga","2011","25",""
"Tonga","2010","16",""
"Tonga","2009","10",""
"Tonga","2008","8.11076994380395",""
"Tonga","2007","7.17986532901248",""
"Tonga","2006","5.85394409483389",""
"Tonga","2005","4.90778276190383",""
"Tonga","2004","3.95237389457043",""
"Tonga","2003","2.98581736750435",""
"Tonga","2002","2.90729731626382",""
"Tonga","2001","2.82537183911525",""
"Trinidad and Tobago","2014","65.1",""
"Trinidad and Tobago","2013","63.8",""
"Trinidad and Tobago","2012","59.5162",""
"Trinidad and Tobago","2011","55.2","23"
"Trinidad and Tobago","2010","48.5","23"
"Trinidad and Tobago","2009","44.3","23"
"Trinidad and Tobago","2008","34.8","23"
"Trinidad and Tobago","2007","32.3","23"
"Trinidad and Tobago","2006","30.0037485791676",""
"Trinidad and Tobago","2005","28.9767124326784",""
"Trinidad and Tobago","2004","27.0242700782714",""
"Trinidad and Tobago","2003","25.9717641091609",""
"Trinidad and Tobago","2002","21.9986754804449",""
"Trinidad and Tobago","2001","15.384627218944",""
"Tunisia","2014","46.16",""
"Tunisia","2013","43.8",""
"Tunisia","2012","41.4416",""
"Tunisia","2011","39.1",""
"Tunisia","2010","36.8",""
"Tunisia","2009","34.07",""
"Tunisia","2008","27.53",""
"Tunisia","2007","17.1",""
"Tunisia","2006","12.9864086534204",""
"Tunisia","2005","9.65508654217982",""
"Tunisia","2004","8.52881775162591",""
"Tunisia","2003","6.49084579532797",""
"Tunisia","2002","5.25288729548421",""
"Tunisia","2001","4.29796603474685",""
"Turkey","2014","51.04","156"
"Turkey","2013","46.25","156"
"Turkey","2012","45.13","156"
"Turkey","2011","43.065710430925","156"
"Turkey","2010","39.82","156"
"Turkey","2009","36.4","156"
"Turkey","2008","34.37","156"
"Turkey","2007","28.63","156"
"Turkey","2006","18.24","157"
"Turkey","2005","15.46","156"
"Turkey","2004","14.58","156"
"Turkey","2003","12.33","7"
"Turkey","2002","11.38","7"
"Turkey","2001","5.18948146078506","7"
"Turkmenistan","2014","12.2",""
"Turkmenistan","2013","9.6",""
"Turkmenistan","2012","7.1958",""
"Turkmenistan","2011","5",""
"Turkmenistan","2010","3",""
"Turkmenistan","2009","1.95",""
"Turkmenistan","2008","1.75",""
"Turkmenistan","2007","1.40636068812023",""
"Turkmenistan","2006","1.3195731180963",""
"Turkmenistan","2005","0.997256558542959",""
"Turkmenistan","2004","0.754053982724623",""
"Turkmenistan","2003","0.425182631884743",""
"Turkmenistan","2002","0.302132016152841",""
"Turkmenistan","2001","0.175209517731422",""
"Tuvalu","2013","37",""
"Tuvalu","2012","35",""
"Tuvalu","2011","30",""
"Tuvalu","2010","25",""
"Tuvalu","2009","20",""
"Tuvalu","2008","15",""
"Tuvalu","2007","10",""
"Uganda","2014","17.71",""
"Uganda","2013","16.2",""
"Uganda","2012","14.6896",""
"Uganda","2011","13.01354333",""
"Uganda","2010","12.5",""
"Uganda","2009","9.78",""
"Uganda","2008","7.9",""
"Uganda","2007","3.67196535074744",""
"Uganda","2006","2.52936303826279",""
"Uganda","2005","1.7422055032439",""
"Uganda","2004","0.719970679914031",""
"Uganda","2003","0.464849840113968",""
"Uganda","2002","0.384093504951945",""
"Uganda","2001","0.237945087191408",""
"Ukraine","2014","43.4",""
"Ukraine","2013","41",""
"Ukraine","2012","35.27",""
"Ukraine","2011","28.7082628400713","78"
"Ukraine","2010","23.3",""
"Ukraine","2009","17.9",""
"Ukraine","2008","11",""
"Ukraine","2007","6.55",""
"Ukraine","2006","4.50612456357379",""
"Ukraine","2005","3.749764414659","158"
"Ukraine","2004","3.4894778812677",""
"Ukraine","2003","3.14812758815439",""
"Ukraine","2002","1.87388511643427",""
"Ukraine","2001","1.23875954748114",""
"United Arab Emirates","2014","90.4","159"
"United Arab Emirates","2013","88",""
"United Arab Emirates","2012","84.9999915049492","159"
"United Arab Emirates","2011","78","160"
"United Arab Emirates","2010","68","161"
"United Arab Emirates","2009","64","161"
"United Arab Emirates","2008","63","161"
"United Arab Emirates","2007","61",""
"United Arab Emirates","2006","52",""
"United Arab Emirates","2005","40",""
"United Arab Emirates","2004","30.1312961695367",""
"United Arab Emirates","2003","29.4779534120864",""
"United Arab Emirates","2002","28.3164853110439",""
"United Arab Emirates","2001","26.2717542010006",""
"United Kingdom","2014","91.61","7"
"United Kingdom","2013","89.8441","7"
"United Kingdom","2012","87.4799984242111","8"
"United Kingdom","2011","85.3799985496322","9"
"United Kingdom","2010","85","7"
"United Kingdom","2009","83.56","7"
"United Kingdom","2008","78.39","7"
"United Kingdom","2007","75.09","7"
"United Kingdom","2006","68.82","7"
"United Kingdom","2005","70","7"
"United Kingdom","2004","65.61","7"
"United Kingdom","2003","64.82","7"
"United Kingdom","2002","56.48","10"
"United Kingdom","2001","33.4810948744147","162"
"United States","2014","87.36",""
"United States","2013","84.2",""
"United States","2012","79.3","163"
"United States","2011","69.7294607619268","164"
"United States","2010","71.69","165"
"United States","2009","71","165"
"United States","2008","74","166"
"United States","2007","75",""
"United States","2006","68.9311932699721",""
"United States","2005","67.968052915002",""
"United States","2004","64.7582564759896",""
"United States","2003","61.6971171244207",""
"United States","2002","58.7854038836952",""
"United States","2001","49.0808315896951",""
"Uruguay","2014","61.46","17"
"Uruguay","2013","57.69","17"
"Uruguay","2012","54.453768680746","17"
"Uruguay","2011","51.4046610563616","17"
"Uruguay","2010","46.4","17"
"Uruguay","2009","41.8","17"
"Uruguay","2008","39.3","17"
"Uruguay","2007","34","167"
"Uruguay","2006","29.4",""
"Uruguay","2005","20.0881895579305",""
"Uruguay","2004","17.0630983403661",""
"Uruguay","2003","15.9371367159756",""
"Uruguay","2002","11.4194701966853",""
"Uruguay","2001","11.1214376832783",""
"Uzbekistan","2014","43.55",""
"Uzbekistan","2013","38.2",""
"Uzbekistan","2012","36.5213",""
"Uzbekistan","2011","30.2",""
"Uzbekistan","2010","20",""
"Uzbekistan","2009","17.0582162104349",""
"Uzbekistan","2008","9.0801145234501",""
"Uzbekistan","2007","7.49060468138629",""
"Uzbekistan","2006","6.38832196706805",""
"Uzbekistan","2005","3.34350988825952",""
"Uzbekistan","2004","2.59372542084924",""
"Uzbekistan","2003","1.91259517784997",""
"Uzbekistan","2002","1.08193974248733",""
"Uzbekistan","2001","0.597567993875805",""
"Vanuatu","2014","18.8",""
"Vanuatu","2013","11.3",""
"Vanuatu","2012","10.598",""
"Vanuatu","2011","9.2",""
"Vanuatu","2010","8",""
"Vanuatu","2009","7.5",""
"Vanuatu","2008","7.26911992337492",""
"Vanuatu","2007","6.8",""
"Vanuatu","2006","5.85058505850585",""
"Vanuatu","2005","5.08233380768449",""
"Vanuatu","2004","4.74660261917533",""
"Vanuatu","2003","3.90329584542948",""
"Vanuatu","2002","3.51003871071264",""
"Vanuatu","2001","2.83057223877678",""
"Venezuela","2014","57",""
"Venezuela","2013","54.9",""
"Venezuela","2012","49.0500830729861",""
"Venezuela","2011","40.22","168"
"Venezuela","2010","37.37","23"
"Venezuela","2009","32.7","23"
"Venezuela","2008","25.88",""
"Venezuela","2007","20.83",""
"Venezuela","2006","15.2247114771787",""
"Venezuela","2005","12.5529979098299",""
"Venezuela","2004","8.40446959241215",""
"Venezuela","2003","7.49996346522407",""
"Venezuela","2002","4.91044632720325",""
"Venezuela","2001","4.63600094778677",""
"Viet Nam","2014","48.31",""
"Viet Nam","2013","43.9",""
"Viet Nam","2012","39.49",""
"Viet Nam","2011","35.07",""
"Viet Nam","2010","30.65",""
"Viet Nam","2009","26.55",""
"Viet Nam","2008","23.92",""
"Viet Nam","2007","20.7554447679753",""
"Viet Nam","2006","17.2545617186662",""
"Viet Nam","2005","12.7399292907031",""
"Viet Nam","2004","7.64240852842363",""
"Viet Nam","2003","3.78028081370641",""
"Viet Nam","2002","1.85499923592581",""
"Viet Nam","2001","1.26565123612317",""
"Virgin Islands (U.S.)","2014","50.07",""
"Virgin Islands (U.S.)","2013","45.3",""
"Virgin Islands (U.S.)","2012","40.5479",""
"Virgin Islands (U.S.)","2011","35.6",""
"Virgin Islands (U.S.)","2010","31.22",""
"Virgin Islands (U.S.)","2009","27.3965096846662",""
"Virgin Islands (U.S.)","2008","27.3617774210613",""
"Virgin Islands (U.S.)","2007","27.3393358364014",""
"Virgin Islands (U.S.)","2006","27.3326105376325",""
"Virgin Islands (U.S.)","2005","27.3443196733265",""
"Virgin Islands (U.S.)","2004","27.3770087880198",""
"Virgin Islands (U.S.)","2003","27.4290729887632",""
"Virgin Islands (U.S.)","2002","27.4944323774436",""
"Virgin Islands (U.S.)","2001","18.3757660397468",""
"Yemen","2014","22.55",""
"Yemen","2013","20",""
"Yemen","2012","17.4465",""
"Yemen","2011","14.905",""
"Yemen","2010","12.35",""
"Yemen","2009","9.96",""
"Yemen","2008","6.89",""
"Yemen","2007","5.01",""
"Yemen","2006","1.24782404904485",""
"Yemen","2005","1.04859793417826",""
"Yemen","2004","0.881222988679516",""
"Yemen","2003","0.604734100431821",""
"Yemen","2002","0.518796032123435",""
"Yemen","2001","0.0908024587169292",""
"Zambia","2014","17.34",""
"Zambia","2013","15.4",""
"Zambia","2012","13.4682",""
"Zambia","2011","11.5","169"
"Zambia","2010","10",""
"Zambia","2009","6.31",""
"Zambia","2008","5.55",""
"Zambia","2007","4.87",""
"Zambia","2006","4.15991339393107",""
"Zambia","2005","2.85175226129009",""
"Zambia","2004","2.01354953218533",""
"Zambia","2003","0.980483039426114",""
"Zambia","2002","0.477750906947484",""
"Zambia","2001","0.233129556342332",""
"Zimbabwe","2014","19.89",""
"Zimbabwe","2013","18.5",""
"Zimbabwe","2012","17.09",""
"Zimbabwe","2011","15.7",""
"Zimbabwe","2010","11.5",""
"Zimbabwe","2009","11.36",""
"Zimbabwe","2008","11.4",""
"Zimbabwe","2007","10.85",""
"Zimbabwe","2006","9.79184150186944",""
"Zimbabwe","2005","8.01597808880485",""
"Zimbabwe","2004","6.5640450271075",""
"Zimbabwe","2003","6.39478645849612",""
"Zimbabwe","2002","3.99435613455612",""
"Zimbabwe","2001","0.799846045633137",""