Country,Year,All ages
Afghanistan,1990,16
Afghanistan,1991,22
Afghanistan,1992,30
Afghanistan,1993,39
Afghanistan,1994,50
Afghanistan,1995,61
Afghanistan,1996,72
Afghanistan,1997,82
Afghanistan,1998,93
Afghanistan,1999,105
Afghanistan,2000,117
Afghanistan,2001,130
Afghanistan,2002,144
Afghanistan,2003,158
Afghanistan,2004,173
Afghanistan,2005,188
Afghanistan,2006,204
Afghanistan,2007,220
Afghanistan,2008,238
Afghanistan,2009,255
Afghanistan,2010,269
Afghanistan,2011,284
Afghanistan,2012,300
Afghanistan,2013,321
Afghanistan,2014,345
Algeria,1990,15
Algeria,1991,17
Algeria,1992,21
Algeria,1993,25
Algeria,1994,29
Algeria,1995,34
Algeria,1996,40
Algeria,1997,48
Algeria,1998,56
Algeria,1999,66
Algeria,2000,77
Algeria,2001,90
Algeria,2002,105
Algeria,2003,122
Algeria,2004,141
Algeria,2005,163
Algeria,2006,172
Algeria,2007,122
Algeria,2008,108
Algeria,2009,120
Algeria,2010,127
Algeria,2011,141
Algeria,2012,166
Algeria,2013,172
Algeria,2014,186
Angola,1990,1107
Angola,1991,1342
Angola,1992,1625
Angola,1993,1959
Angola,1994,2349
Angola,1995,2799
Angola,1996,3313
Angola,1997,3895
Angola,1998,4550
Angola,1999,5285
Angola,2000,6097
Angola,2001,6985
Angola,2002,7934
Angola,2003,8927
Angola,2004,9919
Angola,2005,10807
Angola,2006,11449
Angola,2007,11027
Angola,2008,11353
Angola,2009,11847
Angola,2010,12106
Angola,2011,12302
Angola,2012,12725
Angola,2013,12750
Angola,2014,11770
Argentina,1990,436
Argentina,1991,611
Argentina,1992,814
Argentina,1993,1041
Argentina,1994,1289
Argentina,1995,1560
Argentina,1996,1826
Argentina,1997,1823
Argentina,1998,1732
Argentina,1999,1517
Argentina,2000,1527
Argentina,2001,1569
Argentina,2002,1610
Argentina,2003,1510
Argentina,2004,1396
Argentina,2005,1370
Argentina,2006,1342
Argentina,2007,1296
Argentina,2008,1347
Argentina,2009,1420
Argentina,2010,1467
Argentina,2011,1492
Argentina,2012,1518
Argentina,2013,1537
Argentina,2014,1542
Armenia,1990,0.0309
Armenia,1991,0.0802
Armenia,1992,0.1707
Armenia,1993,0.3217
Armenia,1994,0.5655
Armenia,1995,0.966
Armenia,1996,2
Armenia,1997,3
Armenia,1998,5
Armenia,1999,8
Armenia,2000,14
Armenia,2001,22
Armenia,2002,34
Armenia,2003,50
Armenia,2004,70
Armenia,2005,91
Armenia,2006,106
Armenia,2007,127
Armenia,2008,147
Armenia,2009,166
Armenia,2010,171
Armenia,2011,181
Armenia,2012,186
Armenia,2013,180
Armenia,2014,171
Azerbaijan,1990,0.142
Azerbaijan,1991,0.2479
Azerbaijan,1992,0.4192
Azerbaijan,1993,0.686
Azerbaijan,1994,1
Azerbaijan,1995,2
Azerbaijan,1996,3
Azerbaijan,1997,5
Azerbaijan,1998,8
Azerbaijan,1999,13
Azerbaijan,2000,20
Azerbaijan,2001,31
Azerbaijan,2002,46
Azerbaijan,2003,65
Azerbaijan,2004,89
Azerbaijan,2005,117
Azerbaijan,2006,150
Azerbaijan,2007,182
Azerbaijan,2008,206
Azerbaijan,2009,231
Azerbaijan,2010,258
Azerbaijan,2011,296
Azerbaijan,2012,339
Azerbaijan,2013,365
Azerbaijan,2014,372
Bangladesh,1990,0.3526
Bangladesh,1991,0.8233
Bangladesh,1992,2
Bangladesh,1993,3
Bangladesh,1994,4
Bangladesh,1995,7
Bangladesh,1996,10
Bangladesh,1997,15
Bangladesh,1998,21
Bangladesh,1999,31
Bangladesh,2000,45
Bangladesh,2001,64
Bangladesh,2002,92
Bangladesh,2003,130
Bangladesh,2004,180
Bangladesh,2005,242
Bangladesh,2006,308
Bangladesh,2007,379
Bangladesh,2008,454
Bangladesh,2009,489
Bangladesh,2010,558
Bangladesh,2011,642
Bangladesh,2012,687
Bangladesh,2013,725
Bangladesh,2014,738
Belarus,1990,1
Belarus,1991,2
Belarus,1992,3
Belarus,1993,5
Belarus,1994,9
Belarus,1995,15
Belarus,1996,25
Belarus,1997,40
Belarus,1998,64
Belarus,1999,99
Belarus,2000,145
Belarus,2001,208
Belarus,2002,290
Belarus,2003,388
Belarus,2004,502
Belarus,2005,613
Belarus,2006,707
Belarus,2007,713
Belarus,2008,835
Belarus,2009,959
Belarus,2010,1020
Belarus,2011,1017
Belarus,2012,1052
Belarus,2013,1021
Belarus,2014,1032
Belize,1990,0.0259
Belize,1991,0.0648
Belize,1992,0.1543
Belize,1993,0.3659
Belize,1994,0.8513
Belize,1995,2
Belize,1996,4
Belize,1997,8
Belize,1998,15
Belize,1999,25
Belize,2000,39
Belize,2001,53
Belize,2002,67
Belize,2003,72
Belize,2004,71
Belize,2005,90
Belize,2006,89
Belize,2007,92
Belize,2008,107
Belize,2009,106
Belize,2010,75
Belize,2011,67
Belize,2012,65
Belize,2013,65
Belize,2014,63
Benin,1990,559
Benin,1991,676
Benin,1992,817
Benin,1993,986
Benin,1994,1183
Benin,1995,1409
Benin,1996,1664
Benin,1997,1942
Benin,1998,2241
Benin,1999,2556
Benin,2000,2881
Benin,2001,3210
Benin,2002,3531
Benin,2003,3833
Benin,2004,4108
Benin,2005,4348
Benin,2006,4556
Benin,2007,4724
Benin,2008,4239
Benin,2009,1994
Benin,2010,1450
Benin,2011,1674
Benin,2012,1845
Benin,2013,2061
Benin,2014,2408
Bolivia (Plurinational State of),1990,9
Bolivia (Plurinational State of),1991,14
Bolivia (Plurinational State of),1992,21
Bolivia (Plurinational State of),1993,32
Bolivia (Plurinational State of),1994,45
Bolivia (Plurinational State of),1995,63
Bolivia (Plurinational State of),1996,86
Bolivia (Plurinational State of),1997,115
Bolivia (Plurinational State of),1998,149
Bolivia (Plurinational State of),1999,189
Bolivia (Plurinational State of),2000,234
Bolivia (Plurinational State of),2001,283
Bolivia (Plurinational State of),2002,327
Bolivia (Plurinational State of),2003,377
Bolivia (Plurinational State of),2004,433
Bolivia (Plurinational State of),2005,489
Bolivia (Plurinational State of),2006,517
Bolivia (Plurinational State of),2007,556
Bolivia (Plurinational State of),2008,608
Bolivia (Plurinational State of),2009,636
Bolivia (Plurinational State of),2010,624
Bolivia (Plurinational State of),2011,711
Bolivia (Plurinational State of),2012,780
Bolivia (Plurinational State of),2013,711
Bolivia (Plurinational State of),2014,711
Botswana,1990,939
Botswana,1991,1466
Botswana,1992,2187
Botswana,1993,3149
Botswana,1994,4373
Botswana,1995,5866
Botswana,1996,7608
Botswana,1997,9555
Botswana,1998,11623
Botswana,1999,13770
Botswana,2000,15762
Botswana,2001,17523
Botswana,2002,18813
Botswana,2003,18771
Botswana,2004,16814
Botswana,2005,13015
Botswana,2006,10497
Botswana,2007,9126
Botswana,2008,9404
Botswana,2009,8487
Botswana,2010,7086
Botswana,2011,6411
Botswana,2012,6092
Botswana,2013,5798
Botswana,2014,5139
Burkina Faso,1990,5903
Burkina Faso,1991,7218
Burkina Faso,1992,8579
Burkina Faso,1993,9927
Burkina Faso,1994,11195
Burkina Faso,1995,12331
Burkina Faso,1996,13287
Burkina Faso,1997,14023
Burkina Faso,1998,14519
Burkina Faso,1999,14772
Burkina Faso,2000,14791
Burkina Faso,2001,14601
Burkina Faso,2002,14223
Burkina Faso,2003,13611
Burkina Faso,2004,12365
Burkina Faso,2005,10869
Burkina Faso,2006,9110
Burkina Faso,2007,7561
Burkina Faso,2008,6883
Burkina Faso,2009,5754
Burkina Faso,2010,5164
Burkina Faso,2011,4429
Burkina Faso,2012,3704
Burkina Faso,2013,3806
Burkina Faso,2014,3805
Burundi,1990,1055
Burundi,1991,1435
Burundi,1992,1893
Burundi,1993,2433
Burundi,1994,3044
Burundi,1995,3702
Burundi,1996,4402
Burundi,1997,5117
Burundi,1998,5838
Burundi,1999,6570
Burundi,2000,7326
Burundi,2001,8054
Burundi,2002,8583
Burundi,2003,9170
Burundi,2004,9421
Burundi,2005,8996
Burundi,2006,8634
Burundi,2007,8507
Burundi,2008,7990
Burundi,2009,7203
Burundi,2010,6553
Burundi,2011,5760
Burundi,2012,4995
Burundi,2013,4275
Burundi,2014,3862
Côte d'Ivoire,1990,6357
Côte d'Ivoire,1991,8167
Côte d'Ivoire,1992,10265
Côte d'Ivoire,1993,12638
Côte d'Ivoire,1994,15250
Côte d'Ivoire,1995,18058
Côte d'Ivoire,1996,20970
Côte d'Ivoire,1997,23913
Côte d'Ivoire,1998,26769
Côte d'Ivoire,1999,29420
Côte d'Ivoire,2000,31746
Côte d'Ivoire,2001,33620
Côte d'Ivoire,2002,34672
Côte d'Ivoire,2003,35640
Côte d'Ivoire,2004,36509
Côte d'Ivoire,2005,35663
Côte d'Ivoire,2006,32004
Côte d'Ivoire,2007,29916
Côte d'Ivoire,2008,28227
Côte d'Ivoire,2009,24931
Côte d'Ivoire,2010,22624
Côte d'Ivoire,2011,24030
Côte d'Ivoire,2012,23291
Côte d'Ivoire,2013,23079
Côte d'Ivoire,2014,21795
Cambodia,1990,14
Cambodia,1991,42
Cambodia,1992,119
Cambodia,1993,316
Cambodia,1994,727
Cambodia,1995,1441
Cambodia,1996,2522
Cambodia,1997,3961
Cambodia,1998,5639
Cambodia,1999,7346
Cambodia,2000,8867
Cambodia,2001,10012
Cambodia,2002,10686
Cambodia,2003,10805
Cambodia,2004,10069
Cambodia,2005,8571
Cambodia,2006,6491
Cambodia,2007,4404
Cambodia,2008,3859
Cambodia,2009,3420
Cambodia,2010,3365
Cambodia,2011,3795
Cambodia,2012,3169
Cambodia,2013,2867
Cambodia,2014,2606
Cameroon,1990,5444
Cameroon,1991,6962
Cameroon,1992,8720
Cameroon,1993,10708
Cameroon,1994,12904
Cameroon,1995,15276
Cameroon,1996,17787
Cameroon,1997,20394
Cameroon,1998,23047
Cameroon,1999,25692
Cameroon,2000,28283
Cameroon,2001,30767
Cameroon,2002,33021
Cameroon,2003,34978
Cameroon,2004,35885
Cameroon,2005,33410
Cameroon,2006,32773
Cameroon,2007,33930
Cameroon,2008,31302
Cameroon,2009,30070
Cameroon,2010,30174
Cameroon,2011,31635
Cameroon,2012,32332
Cameroon,2013,31787
Cameroon,2014,34158
Cape Verde,1990,16
Cape Verde,1991,20
Cape Verde,1992,24
Cape Verde,1993,30
Cape Verde,1994,36
Cape Verde,1995,43
Cape Verde,1996,51
Cape Verde,1997,59
Cape Verde,1998,68
Cape Verde,1999,78
Cape Verde,2000,89
Cape Verde,2001,99
Cape Verde,2002,109
Cape Verde,2003,119
Cape Verde,2004,127
Cape Verde,2005,126
Cape Verde,2006,96
Cape Verde,2007,89
Cape Verde,2008,84
Cape Verde,2009,86
Cape Verde,2010,101
Cape Verde,2011,104
Cape Verde,2012,106
Cape Verde,2013,99
Cape Verde,2014,98
Central African Republic,1990,2037
Central African Republic,1991,2729
Central African Republic,1992,3577
Central African Republic,1993,4585
Central African Republic,1994,5743
Central African Republic,1995,7024
Central African Republic,1996,8383
Central African Republic,1997,9766
Central African Republic,1998,11110
Central African Republic,1999,12354
Central African Republic,2000,13429
Central African Republic,2001,14292
Central African Republic,2002,14899
Central African Republic,2003,15250
Central African Republic,2004,15380
Central African Republic,2005,15272
Central African Republic,2006,14622
Central African Republic,2007,13769
Central African Republic,2008,12359
Central African Republic,2009,10557
Central African Republic,2010,10577
Central African Republic,2011,10568
Central African Republic,2012,10560
Central African Republic,2013,10387
Central African Republic,2014,9857
Chad,1990,1598
Chad,1991,2000
Chad,1992,2456
Chad,1993,2967
Chad,1994,3538
Chad,1995,4169
Chad,1996,4865
Chad,1997,5624
Chad,1998,6449
Chad,1999,7339
Chad,2000,8281
Chad,2001,9274
Chad,2002,10278
Chad,2003,11259
Chad,2004,12166
Chad,2005,12948
Chad,2006,13216
Chad,2007,12731
Chad,2008,12634
Chad,2009,10514
Chad,2010,10420
Chad,2011,11094
Chad,2012,12131
Chad,2013,12096
Chad,2014,11733
Chile,1990,704
Chile,1991,751
Chile,1992,799
Chile,1993,846
Chile,1994,894
Chile,1995,924
Chile,1996,862
Chile,1997,873
Chile,1998,920
Chile,1999,972
Chile,2000,760
Chile,2001,826
Chile,2002,825
Chile,2003,637
Chile,2004,542
Chile,2005,546
Chile,2006,475
Chile,2007,491
Chile,2008,512
Chile,2009,549
Chile,2010,578
Chile,2011,625
Chile,2012,774
Chile,2013,745
Chile,2014,666
Colombia,1990,276
Colombia,1991,413
Colombia,1992,593
Colombia,1993,825
Colombia,1994,1116
Colombia,1995,1484
Colombia,1996,1960
Colombia,1997,2564
Colombia,1998,3283
Colombia,1999,4096
Colombia,2000,4982
Colombia,2001,5790
Colombia,2002,6077
Colombia,2003,6435
Colombia,2004,6854
Colombia,2005,7215
Colombia,2006,7486
Colombia,2007,6502
Colombia,2008,7017
Colombia,2009,7916
Colombia,2010,8183
Colombia,2011,7623
Colombia,2012,6350
Colombia,2013,5830
Colombia,2014,4694
Congo,1990,1792
Congo,1991,2249
Congo,1992,2757
Congo,1993,3306
Congo,1994,3884
Congo,1995,4474
Congo,1996,5058
Congo,1997,5620
Congo,1998,6142
Congo,1999,6603
Congo,2000,6994
Congo,2001,7306
Congo,2002,7517
Congo,2003,7612
Congo,2004,7625
Congo,2005,7534
Congo,2006,6809
Congo,2007,6731
Congo,2008,6304
Congo,2009,5377
Congo,2010,4959
Congo,2011,4568
Congo,2012,4056
Congo,2013,4083
Congo,2014,4438
Costa Rica,1990,65
Costa Rica,1991,72
Costa Rica,1992,80
Costa Rica,1993,89
Costa Rica,1994,99
Costa Rica,1995,110
Costa Rica,1996,121
Costa Rica,1997,133
Costa Rica,1998,147
Costa Rica,1999,161
Costa Rica,2000,139
Costa Rica,2001,73
Costa Rica,2002,77
Costa Rica,2003,84
Costa Rica,2004,91
Costa Rica,2005,99
Costa Rica,2006,105
Costa Rica,2007,112
Costa Rica,2008,119
Costa Rica,2009,125
Costa Rica,2010,127
Costa Rica,2011,153
Costa Rica,2012,159
Costa Rica,2013,168
Costa Rica,2014,170
Cuba,1990,16
Cuba,1991,24
Cuba,1992,32
Cuba,1993,41
Cuba,1994,51
Cuba,1995,61
Cuba,1996,71
Cuba,1997,82
Cuba,1998,94
Cuba,1999,107
Cuba,2000,121
Cuba,2001,118
Cuba,2002,63
Cuba,2003,64
Cuba,2004,74
Cuba,2005,84
Cuba,2006,98
Cuba,2007,109
Cuba,2008,123
Cuba,2009,138
Cuba,2010,113
Cuba,2011,100
Cuba,2012,116
Cuba,2013,124
Cuba,2014,121
Democratic Republic of the Congo,1990,16572
Democratic Republic of the Congo,1991,18760
Democratic Republic of the Congo,1992,20993
Democratic Republic of the Congo,1993,23184
Democratic Republic of the Congo,1994,25190
Democratic Republic of the Congo,1995,26949
Democratic Republic of the Congo,1996,28452
Democratic Republic of the Congo,1997,29740
Democratic Republic of the Congo,1998,30867
Democratic Republic of the Congo,1999,31862
Democratic Republic of the Congo,2000,32797
Democratic Republic of the Congo,2001,33611
Democratic Republic of the Congo,2002,34255
Democratic Republic of the Congo,2003,34651
Democratic Republic of the Congo,2004,34628
Democratic Republic of the Congo,2005,33543
Democratic Republic of the Congo,2006,32361
Democratic Republic of the Congo,2007,30568
Democratic Republic of the Congo,2008,30595
Democratic Republic of the Congo,2009,30986
Democratic Republic of the Congo,2010,28628
Democratic Republic of the Congo,2011,27886
Democratic Republic of the Congo,2012,27913
Democratic Republic of the Congo,2013,25988
Democratic Republic of the Congo,2014,24108
Denmark,1990,133
Denmark,1991,141
Denmark,1992,149
Denmark,1993,155
Denmark,1994,161
Denmark,1995,168
Denmark,1996,175
Denmark,1997,153
Denmark,1998,58
Denmark,1999,45
Denmark,2000,45
Denmark,2001,52
Denmark,2002,58
Denmark,2003,63
Denmark,2004,66
Denmark,2005,70
Denmark,2006,77
Denmark,2007,78
Denmark,2008,81
Denmark,2009,72
Denmark,2010,66
Denmark,2011,61
Denmark,2012,58
Denmark,2013,55
Denmark,2014,57
Djibouti,1990,11
Djibouti,1991,21
Djibouti,1992,36
Djibouti,1993,60
Djibouti,1994,94
Djibouti,1995,139
Djibouti,1996,197
Djibouti,1997,268
Djibouti,1998,350
Djibouti,1999,442
Djibouti,2000,531
Djibouti,2001,578
Djibouti,2002,655
Djibouti,2003,759
Djibouti,2004,839
Djibouti,2005,896
Djibouti,2006,893
Djibouti,2007,830
Djibouti,2008,794
Djibouti,2009,775
Djibouti,2010,772
Djibouti,2011,765
Djibouti,2012,717
Djibouti,2013,665
Djibouti,2014,643
Dominican Republic,1990,303
Dominican Republic,1991,470
Dominican Republic,1992,690
Dominican Republic,1993,972
Dominican Republic,1994,1319
Dominican Republic,1995,1734
Dominican Republic,1996,2216
Dominican Republic,1997,2756
Dominican Republic,1998,3340
Dominican Republic,1999,3948
Dominican Republic,2000,4554
Dominican Republic,2001,5125
Dominican Republic,2002,5586
Dominican Republic,2003,6025
Dominican Republic,2004,6405
Dominican Republic,2005,6483
Dominican Republic,2006,5990
Dominican Republic,2007,5439
Dominican Republic,2008,4687
Dominican Republic,2009,4252
Dominican Republic,2010,4110
Dominican Republic,2011,3953
Dominican Republic,2012,3691
Dominican Republic,2013,3369
Dominican Republic,2014,3099
Ecuador,1990,55
Ecuador,1991,95
Ecuador,1992,161
Ecuador,1993,263
Ecuador,1994,397
Ecuador,1995,562
Ecuador,1996,751
Ecuador,1997,952
Ecuador,1998,1159
Ecuador,1999,1363
Ecuador,2000,1551
Ecuador,2001,1715
Ecuador,2002,1850
Ecuador,2003,1954
Ecuador,2004,2010
Ecuador,2005,1922
Ecuador,2006,1861
Ecuador,2007,1793
Ecuador,2008,1548
Ecuador,2009,1285
Ecuador,2010,1176
Ecuador,2011,1141
Ecuador,2012,1032
Ecuador,2013,1131
Ecuador,2014,1210
Egypt,1990,7
Egypt,1991,10
Egypt,1992,13
Egypt,1993,16
Egypt,1994,20
Egypt,1995,25
Egypt,1996,31
Egypt,1997,38
Egypt,1998,46
Egypt,1999,55
Egypt,2000,66
Egypt,2001,78
Egypt,2002,92
Egypt,2003,107
Egypt,2004,124
Egypt,2005,143
Egypt,2006,156
Egypt,2007,127
Egypt,2008,137
Egypt,2009,182
Egypt,2010,216
Egypt,2011,235
Egypt,2012,239
Egypt,2013,249
Egypt,2014,274
El Salvador,1990,152
El Salvador,1991,180
El Salvador,1992,212
El Salvador,1993,249
El Salvador,1994,289
El Salvador,1995,333
El Salvador,1996,381
El Salvador,1997,433
El Salvador,1998,489
El Salvador,1999,547
El Salvador,2000,608
El Salvador,2001,668
El Salvador,2002,697
El Salvador,2003,700
El Salvador,2004,656
El Salvador,2005,522
El Salvador,2006,475
El Salvador,2007,470
El Salvador,2008,448
El Salvador,2009,403
El Salvador,2010,346
El Salvador,2011,303
El Salvador,2012,319
El Salvador,2013,364
El Salvador,2014,392
Equatorial Guinea,1990,5
Equatorial Guinea,1991,7
Equatorial Guinea,1992,10
Equatorial Guinea,1993,13
Equatorial Guinea,1994,19
Equatorial Guinea,1995,26
Equatorial Guinea,1996,37
Equatorial Guinea,1997,51
Equatorial Guinea,1998,71
Equatorial Guinea,1999,98
Equatorial Guinea,2000,134
Equatorial Guinea,2001,182
Equatorial Guinea,2002,244
Equatorial Guinea,2003,322
Equatorial Guinea,2004,416
Equatorial Guinea,2005,505
Equatorial Guinea,2006,586
Equatorial Guinea,2007,691
Equatorial Guinea,2008,759
Equatorial Guinea,2009,884
Equatorial Guinea,2010,934
Equatorial Guinea,2011,1085
Equatorial Guinea,2012,1053
Equatorial Guinea,2013,902
Equatorial Guinea,2014,837
Eritrea,1990,115
Eritrea,1991,166
Eritrea,1992,225
Eritrea,1993,291
Eritrea,1994,366
Eritrea,1995,456
Eritrea,1996,563
Eritrea,1997,686
Eritrea,1998,826
Eritrea,1999,982
Eritrea,2000,1154
Eritrea,2001,1334
Eritrea,2002,1505
Eritrea,2003,1649
Eritrea,2004,1753
Eritrea,2005,1781
Eritrea,2006,1640
Eritrea,2007,1403
Eritrea,2008,1172
Eritrea,2009,1019
Eritrea,2010,987
Eritrea,2011,948
Eritrea,2012,843
Eritrea,2013,743
Eritrea,2014,658
Ethiopia,1990,8614
Ethiopia,1991,12211
Ethiopia,1992,16799
Ethiopia,1993,22410
Ethiopia,1994,28944
Ethiopia,1995,36179
Ethiopia,1996,43847
Ethiopia,1997,51698
Ethiopia,1998,59287
Ethiopia,1999,66339
Ethiopia,2000,72621
Ethiopia,2001,77814
Ethiopia,2002,81681
Ethiopia,2003,84068
Ethiopia,2004,84532
Ethiopia,2005,81662
Ethiopia,2006,75436
Ethiopia,2007,64166
Ethiopia,2008,50744
Ethiopia,2009,41106
Ethiopia,2010,32691
Ethiopia,2011,26069
Ethiopia,2012,22025
Ethiopia,2013,22901
Ethiopia,2014,23375
Fiji,1990,0.2909
Fiji,1991,0.4702
Fiji,1992,0.7194
Fiji,1993,1
Fiji,1994,2
Fiji,1995,2
Fiji,1996,3
Fiji,1997,4
Fiji,1998,5
Fiji,1999,7
Fiji,2000,8
Fiji,2001,10
Fiji,2002,11
Fiji,2003,13
Fiji,2004,14
Fiji,2005,12
Fiji,2006,12
Fiji,2007,13
Fiji,2008,13
Fiji,2009,15
Fiji,2010,16
Fiji,2011,17
Fiji,2012,16
Fiji,2013,13
Fiji,2014,14
Gabon,1990,190
Gabon,1991,256
Gabon,1992,340
Gabon,1993,447
Gabon,1994,579
Gabon,1995,739
Gabon,1996,929
Gabon,1997,1149
Gabon,1998,1397
Gabon,1999,1669
Gabon,2000,1961
Gabon,2001,2257
Gabon,2002,2512
Gabon,2003,2708
Gabon,2004,2877
Gabon,2005,2651
Gabon,2006,2300
Gabon,2007,2500
Gabon,2008,2725
Gabon,2009,2852
Gabon,2010,2710
Gabon,2011,2677
Gabon,2012,2414
Gabon,2013,1906
Gabon,2014,1454
Gambia,1990,17
Gambia,1991,24
Gambia,1992,35
Gambia,1993,49
Gambia,1994,69
Gambia,1995,95
Gambia,1996,129
Gambia,1997,172
Gambia,1998,226
Gambia,1999,291
Gambia,2000,367
Gambia,2001,454
Gambia,2002,551
Gambia,2003,654
Gambia,2004,761
Gambia,2005,856
Gambia,2006,889
Gambia,2007,982
Gambia,2008,1050
Gambia,2009,1079
Gambia,2010,1069
Gambia,2011,943
Gambia,2012,820
Gambia,2013,841
Gambia,2014,946
Georgia,1990,2
Georgia,1991,5
Georgia,1992,8
Georgia,1993,12
Georgia,1994,17
Georgia,1995,24
Georgia,1996,30
Georgia,1997,38
Georgia,1998,45
Georgia,1999,53
Georgia,2000,61
Georgia,2001,69
Georgia,2002,78
Georgia,2003,88
Georgia,2004,97
Georgia,2005,90
Georgia,2006,78
Georgia,2007,72
Georgia,2008,82
Georgia,2009,81
Georgia,2010,81
Georgia,2011,91
Georgia,2012,95
Georgia,2013,91
Georgia,2014,98
Ghana,1990,3850
Ghana,1991,4675
Ghana,1992,5619
Ghana,1993,6681
Ghana,1994,7851
Ghana,1995,9107
Ghana,1996,10416
Ghana,1997,11759
Ghana,1998,13109
Ghana,1999,14430
Ghana,2000,15698
Ghana,2001,16880
Ghana,2002,17924
Ghana,2003,18800
Ghana,2004,19389
Ghana,2005,19421
Ghana,2006,19272
Ghana,2007,18551
Ghana,2008,17422
Ghana,2009,16016
Ghana,2010,14753
Ghana,2011,12841
Ghana,2012,9999
Ghana,2013,9174
Ghana,2014,9248
Guatemala,1990,4
Guatemala,1991,7
Guatemala,1992,13
Guatemala,1993,23
Guatemala,1994,39
Guatemala,1995,65
Guatemala,1996,105
Guatemala,1997,163
Guatemala,1998,245
Guatemala,1999,354
Guatemala,2000,494
Guatemala,2001,660
Guatemala,2002,837
Guatemala,2003,952
Guatemala,2004,751
Guatemala,2005,877
Guatemala,2006,1072
Guatemala,2007,983
Guatemala,2008,873
Guatemala,2009,878
Guatemala,2010,1056
Guatemala,2011,1351
Guatemala,2012,1581
Guatemala,2013,1625
Guatemala,2014,1707
Guinea,1990,538
Guinea,1991,801
Guinea,1992,1156
Guinea,1993,1609
Guinea,1994,2147
Guinea,1995,2752
Guinea,1996,3397
Guinea,1997,4050
Guinea,1998,4685
Guinea,1999,5282
Guinea,2000,5821
Guinea,2001,6280
Guinea,2002,6620
Guinea,2003,6862
Guinea,2004,7045
Guinea,2005,7135
Guinea,2006,6801
Guinea,2007,6005
Guinea,2008,6075
Guinea,2009,5222
Guinea,2010,4547
Guinea,2011,4502
Guinea,2012,4480
Guinea,2013,3687
Guinea,2014,3791
Guinea-Bissau,1990,41
Guinea-Bissau,1991,57
Guinea-Bissau,1992,79
Guinea-Bissau,1993,106
Guinea-Bissau,1994,142
Guinea-Bissau,1995,187
Guinea-Bissau,1996,243
Guinea-Bissau,1997,311
Guinea-Bissau,1998,395
Guinea-Bissau,1999,495
Guinea-Bissau,2000,613
Guinea-Bissau,2001,748
Guinea-Bissau,2002,898
Guinea-Bissau,2003,1060
Guinea-Bissau,2004,1234
Guinea-Bissau,2005,1417
Guinea-Bissau,2006,1587
Guinea-Bissau,2007,1665
Guinea-Bissau,2008,1673
Guinea-Bissau,2009,1572
Guinea-Bissau,2010,1683
Guinea-Bissau,2011,1842
Guinea-Bissau,2012,1835
Guinea-Bissau,2013,1757
Guinea-Bissau,2014,1877
Guyana,1990,0.4162
Guyana,1991,0.7521
Guyana,1992,1
Guyana,1993,2
Guyana,1994,4
Guyana,1995,7
Guyana,1996,11
Guyana,1997,17
Guyana,1998,26
Guyana,1999,39
Guyana,2000,56
Guyana,2001,77
Guyana,2002,102
Guyana,2003,128
Guyana,2004,135
Guyana,2005,116
Guyana,2006,90
Guyana,2007,83
Guyana,2008,90
Guyana,2009,90
Guyana,2010,92
Guyana,2011,98
Guyana,2012,103
Guyana,2013,106
Guyana,2014,118
Haiti,1990,2119
Haiti,1991,2792
Haiti,1992,3580
Haiti,1993,4474
Haiti,1994,5456
Haiti,1995,6496
Haiti,1996,7556
Haiti,1997,8589
Haiti,1998,9575
Haiti,1999,10455
Haiti,2000,11204
Haiti,2001,11795
Haiti,2002,12169
Haiti,2003,12267
Haiti,2004,12274
Haiti,2005,11923
Haiti,2006,10828
Haiti,2007,8938
Haiti,2008,7757
Haiti,2009,6568
Haiti,2010,6235
Haiti,2011,6557
Haiti,2012,5942
Haiti,2013,4809
Haiti,2014,3816
Honduras,1990,722
Honduras,1991,928
Honduras,1992,1160
Honduras,1993,1408
Honduras,1994,1667
Honduras,1995,1925
Honduras,1996,2173
Honduras,1997,2402
Honduras,1998,2601
Honduras,1999,2765
Honduras,2000,2889
Honduras,2001,2971
Honduras,2002,2996
Honduras,2003,2861
Honduras,2004,2374
Honduras,2005,2283
Honduras,2006,2065
Honduras,2007,1902
Honduras,2008,1737
Honduras,2009,1621
Honduras,2010,1532
Honduras,2011,1478
Honduras,2012,1364
Honduras,2013,1248
Honduras,2014,1162
Indonesia,1990,1
Indonesia,1991,2
Indonesia,1992,4
Indonesia,1993,8
Indonesia,1994,17
Indonesia,1995,33
Indonesia,1996,66
Indonesia,1997,127
Indonesia,1998,233
Indonesia,1999,401
Indonesia,2000,654
Indonesia,2001,1033
Indonesia,2002,1604
Indonesia,2003,2488
Indonesia,2004,3761
Indonesia,2005,5439
Indonesia,2006,7379
Indonesia,2007,9103
Indonesia,2008,11735
Indonesia,2009,14934
Indonesia,2010,18400
Indonesia,2011,22621
Indonesia,2012,26585
Indonesia,2013,30176
Indonesia,2014,33697
Iran (Islamic Republic of),1990,34
Iran (Islamic Republic of),1991,46
Iran (Islamic Republic of),1992,58
Iran (Islamic Republic of),1993,72
Iran (Islamic Republic of),1994,88
Iran (Islamic Republic of),1995,107
Iran (Islamic Republic of),1996,132
Iran (Islamic Republic of),1997,166
Iran (Islamic Republic of),1998,217
Iran (Islamic Republic of),1999,295
Iran (Islamic Republic of),2000,404
Iran (Islamic Republic of),2001,518
Iran (Islamic Republic of),2002,728
Iran (Islamic Republic of),2003,1009
Iran (Islamic Republic of),2004,1330
Iran (Islamic Republic of),2005,1677
Iran (Islamic Republic of),2006,2021
Iran (Islamic Republic of),2007,2278
Iran (Islamic Republic of),2008,2631
Iran (Islamic Republic of),2009,2916
Iran (Islamic Republic of),2010,3222
Iran (Islamic Republic of),2011,3525
Iran (Islamic Republic of),2012,3732
Iran (Islamic Republic of),2013,3915
Iran (Islamic Republic of),2014,4083
Ireland,1990,8
Ireland,1991,10
Ireland,1992,14
Ireland,1993,18
Ireland,1994,23
Ireland,1995,30
Ireland,1996,27
Ireland,1997,22
Ireland,1998,22
Ireland,1999,24
Ireland,2000,27
Ireland,2001,30
Ireland,2002,33
Ireland,2003,37
Ireland,2004,41
Ireland,2005,43
Ireland,2006,45
Ireland,2007,47
Ireland,2008,52
Ireland,2009,55
Ireland,2010,56
Ireland,2011,53
Ireland,2012,57
Ireland,2013,62
Ireland,2014,66
Jamaica,1990,176
Jamaica,1991,271
Jamaica,1992,395
Jamaica,1993,541
Jamaica,1994,714
Jamaica,1995,909
Jamaica,1996,1118
Jamaica,1997,1331
Jamaica,1998,1540
Jamaica,1999,1740
Jamaica,2000,1923
Jamaica,2001,2084
Jamaica,2002,2222
Jamaica,2003,2330
Jamaica,2004,2404
Jamaica,2005,2363
Jamaica,2006,1957
Jamaica,2007,1934
Jamaica,2008,1773
Jamaica,2009,1669
Jamaica,2010,1515
Jamaica,2011,1575
Jamaica,2012,1531
Jamaica,2013,1404
Jamaica,2014,1265
Kazakhstan,1990,13
Kazakhstan,1991,20
Kazakhstan,1992,27
Kazakhstan,1993,35
Kazakhstan,1994,44
Kazakhstan,1995,53
Kazakhstan,1996,64
Kazakhstan,1997,78
Kazakhstan,1998,96
Kazakhstan,1999,119
Kazakhstan,2000,153
Kazakhstan,2001,197
Kazakhstan,2002,247
Kazakhstan,2003,308
Kazakhstan,2004,382
Kazakhstan,2005,452
Kazakhstan,2006,479
Kazakhstan,2007,554
Kazakhstan,2008,615
Kazakhstan,2009,653
Kazakhstan,2010,642
Kazakhstan,2011,691
Kazakhstan,2012,693
Kazakhstan,2013,635
Kazakhstan,2014,532
Kenya,1990,17941
Kenya,1991,24332
Kenya,1992,32158
Kenya,1993,41374
Kenya,1994,51765
Kenya,1995,62942
Kenya,1996,74421
Kenya,1997,85706
Kenya,1998,96290
Kenya,1999,105714
Kenya,2000,113570
Kenya,2001,119634
Kenya,2002,123583
Kenya,2003,125408
Kenya,2004,124032
Kenya,2005,112947
Kenya,2006,99792
Kenya,2007,82741
Kenya,2008,70476
Kenya,2009,58435
Kenya,2010,47845
Kenya,2011,40816
Kenya,2012,33741
Kenya,2013,33197
Kenya,2014,32985
Kyrgyzstan,1990,1
Kyrgyzstan,1991,2
Kyrgyzstan,1992,2
Kyrgyzstan,1993,3
Kyrgyzstan,1994,4
Kyrgyzstan,1995,6
Kyrgyzstan,1996,8
Kyrgyzstan,1997,10
Kyrgyzstan,1998,13
Kyrgyzstan,1999,17
Kyrgyzstan,2000,22
Kyrgyzstan,2001,29
Kyrgyzstan,2002,37
Kyrgyzstan,2003,48
Kyrgyzstan,2004,62
Kyrgyzstan,2005,80
Kyrgyzstan,2006,101
Kyrgyzstan,2007,123
Kyrgyzstan,2008,152
Kyrgyzstan,2009,187
Kyrgyzstan,2010,223
Kyrgyzstan,2011,260
Kyrgyzstan,2012,303
Kyrgyzstan,2013,358
Kyrgyzstan,2014,371
Lao People's Democratic Republic,1990,0.0004
Lao People's Democratic Republic,1991,0.0582
Lao People's Democratic Republic,1992,0.2421
Lao People's Democratic Republic,1993,0.6304
Lao People's Democratic Republic,1994,1
Lao People's Democratic Republic,1995,3
Lao People's Democratic Republic,1996,5
Lao People's Democratic Republic,1997,9
Lao People's Democratic Republic,1998,14
Lao People's Democratic Republic,1999,24
Lao People's Democratic Republic,2000,40
Lao People's Democratic Republic,2001,65
Lao People's Democratic Republic,2002,100
Lao People's Democratic Republic,2003,144
Lao People's Democratic Republic,2004,182
Lao People's Democratic Republic,2005,205
Lao People's Democratic Republic,2006,237
Lao People's Democratic Republic,2007,278
Lao People's Democratic Republic,2008,309
Lao People's Democratic Republic,2009,305
Lao People's Democratic Republic,2010,377
Lao People's Democratic Republic,2011,451
Lao People's Democratic Republic,2012,516
Lao People's Democratic Republic,2013,514
Lao People's Democratic Republic,2014,490
Lebanon,1990,19
Lebanon,1991,22
Lebanon,1992,25
Lebanon,1993,29
Lebanon,1994,34
Lebanon,1995,38
Lebanon,1996,42
Lebanon,1997,46
Lebanon,1998,50
Lebanon,1999,54
Lebanon,2000,57
Lebanon,2001,56
Lebanon,2002,54
Lebanon,2003,53
Lebanon,2004,51
Lebanon,2005,50
Lebanon,2006,51
Lebanon,2007,53
Lebanon,2008,50
Lebanon,2009,48
Lebanon,2010,50
Lebanon,2011,53
Lebanon,2012,51
Lebanon,2013,47
Lebanon,2014,45
Lesotho,1990,128
Lesotho,1991,248
Lesotho,1992,471
Lesotho,1993,863
Lesotho,1994,1495
Lesotho,1995,2411
Lesotho,1996,3603
Lesotho,1997,5027
Lesotho,1998,6636
Lesotho,1999,8369
Lesotho,2000,10162
Lesotho,2001,11908
Lesotho,2002,13489
Lesotho,2003,14746
Lesotho,2004,15670
Lesotho,2005,16181
Lesotho,2006,15133
Lesotho,2007,14013
Lesotho,2008,12171
Lesotho,2009,10657
Lesotho,2010,8984
Lesotho,2011,8115
Lesotho,2012,8629
Lesotho,2013,9017
Lesotho,2014,9323
Liberia,1990,125
Liberia,1991,175
Liberia,1992,239
Liberia,1993,322
Liberia,1994,432
Liberia,1995,582
Liberia,1996,779
Liberia,1997,1022
Liberia,1998,1299
Liberia,1999,1590
Liberia,2000,1845
Liberia,2001,2101
Liberia,2002,2322
Liberia,2003,2526
Liberia,2004,2707
Liberia,2005,2876
Liberia,2006,2974
Liberia,2007,2776
Liberia,2008,2753
Liberia,2009,2714
Liberia,2010,2565
Liberia,2011,2333
Liberia,2012,2124
Liberia,2013,2072
Liberia,2014,1968
Madagascar,1990,89
Madagascar,1991,154
Madagascar,1992,250
Madagascar,1993,381
Madagascar,1994,549
Madagascar,1995,756
Madagascar,1996,997
Madagascar,1997,1266
Madagascar,1998,1554
Madagascar,1999,1851
Madagascar,2000,2147
Madagascar,2001,2430
Madagascar,2002,2689
Madagascar,2003,2915
Madagascar,2004,3101
Madagascar,2005,3243
Madagascar,2006,3347
Madagascar,2007,3402
Madagascar,2008,3431
Madagascar,2009,3445
Madagascar,2010,3429
Madagascar,2011,3389
Madagascar,2012,3325
Madagascar,2013,3279
Madagascar,2014,3195
Malawi,1990,15158
Malawi,1991,19189
Malawi,1992,23627
Malawi,1993,28533
Malawi,1994,33888
Malawi,1995,39827
Malawi,1996,45987
Malawi,1997,52139
Malawi,1998,58028
Malawi,1999,63469
Malawi,2000,68316
Malawi,2001,72540
Malawi,2002,76063
Malawi,2003,78905
Malawi,2004,80832
Malawi,2005,79847
Malawi,2006,76552
Malawi,2007,70711
Malawi,2008,63561
Malawi,2009,56615
Malawi,2010,51027
Malawi,2011,46482
Malawi,2012,41978
Malawi,2013,36198
Malawi,2014,32603
Malaysia,1990,30
Malaysia,1991,162
Malaysia,1992,596
Malaysia,1993,1414
Malaysia,1994,2635
Malaysia,1995,4105
Malaysia,1996,5566
Malaysia,1997,6858
Malaysia,1998,7913
Malaysia,1999,8731
Malaysia,2000,9360
Malaysia,2001,9786
Malaysia,2002,9783
Malaysia,2003,9681
Malaysia,2004,9668
Malaysia,2005,9702
Malaysia,2006,9726
Malaysia,2007,9732
Malaysia,2008,9707
Malaysia,2009,9629
Malaysia,2010,9568
Malaysia,2011,9569
Malaysia,2012,9374
Malaysia,2013,9314
Malaysia,2014,9002
Mali,1990,2071
Mali,1991,2690
Mali,1992,3389
Mali,1993,4134
Mali,1994,4898
Mali,1995,5632
Mali,1996,6308
Mali,1997,6901
Mali,1998,7394
Mali,1999,7778
Mali,2000,8055
Mali,2001,8227
Mali,2002,8263
Mali,2003,8150
Mali,2004,7823
Mali,2005,7031
Mali,2006,6875
Mali,2007,5891
Mali,2008,5215
Mali,2009,4990
Mali,2010,4798
Mali,2011,4557
Mali,2012,4168
Mali,2013,4502
Mali,2014,5309
Mauritania,1990,38
Mauritania,1991,54
Mauritania,1992,76
Mauritania,1993,103
Mauritania,1994,137
Mauritania,1995,179
Mauritania,1996,229
Mauritania,1997,288
Mauritania,1998,356
Mauritania,1999,432
Mauritania,2000,515
Mauritania,2001,603
Mauritania,2002,693
Mauritania,2003,783
Mauritania,2004,867
Mauritania,2005,926
Mauritania,2006,937
Mauritania,2007,927
Mauritania,2008,920
Mauritania,2009,941
Mauritania,2010,973
Mauritania,2011,1034
Mauritania,2012,1062
Mauritania,2013,1098
Mauritania,2014,1082
Mauritius,1990,5
Mauritius,1991,7
Mauritius,1992,11
Mauritius,1993,16
Mauritius,1994,24
Mauritius,1995,36
Mauritius,1996,54
Mauritius,1997,80
Mauritius,1998,115
Mauritius,1999,160
Mauritius,2000,214
Mauritius,2001,275
Mauritius,2002,340
Mauritius,2003,406
Mauritius,2004,470
Mauritius,2005,526
Mauritius,2006,571
Mauritius,2007,602
Mauritius,2008,625
Mauritius,2009,644
Mauritius,2010,658
Mauritius,2011,641
Mauritius,2012,537
Mauritius,2013,528
Mauritius,2014,496
Mexico,1990,11195
Mexico,1991,13339
Mexico,1992,15474
Mexico,1993,17506
Mexico,1994,19292
Mexico,1995,20471
Mexico,1996,21482
Mexico,1997,22438
Mexico,1998,23231
Mexico,1999,23768
Mexico,2000,23753
Mexico,2001,22960
Mexico,2002,22072
Mexico,2003,20751
Mexico,2004,19197
Mexico,2005,18245
Mexico,2006,17013
Mexico,2007,15092
Mexico,2008,13437
Mexico,2009,12019
Mexico,2010,10790
Mexico,2011,9696
Mexico,2012,8390
Mexico,2013,6675
Mexico,2014,5961
Morocco,1990,26
Morocco,1991,36
Morocco,1992,48
Morocco,1993,64
Morocco,1994,83
Morocco,1995,108
Morocco,1996,139
Morocco,1997,177
Morocco,1998,223
Morocco,1999,278
Morocco,2000,344
Morocco,2001,422
Morocco,2002,511
Morocco,2003,591
Morocco,2004,553
Morocco,2005,596
Morocco,2006,710
Morocco,2007,833
Morocco,2008,933
Morocco,2009,964
Morocco,2010,1058
Morocco,2011,1162
Morocco,2012,1171
Morocco,2013,1120
Morocco,2014,1097
Mozambique,1990,2566
Mozambique,1991,3631
Mozambique,1992,5091
Mozambique,1993,6975
Mozambique,1994,9324
Mozambique,1995,12103
Mozambique,1996,15390
Mozambique,1997,19246
Mozambique,1998,23682
Mozambique,1999,28665
Mozambique,2000,34216
Mozambique,2001,40263
Mozambique,2002,46647
Mozambique,2003,53107
Mozambique,2004,58878
Mozambique,2005,64165
Mozambique,2006,67348
Mozambique,2007,64527
Mozambique,2008,57514
Mozambique,2009,56020
Mozambique,2010,59885
Mozambique,2011,60320
Mozambique,2012,58886
Mozambique,2013,57637
Mozambique,2014,44917
Myanmar,1990,66
Myanmar,1991,179
Myanmar,1992,376
Myanmar,1993,700
Myanmar,1994,1201
Myanmar,1995,1917
Myanmar,1996,2826
Myanmar,1997,3894
Myanmar,1998,5082
Myanmar,1999,6344
Myanmar,2000,7608
Myanmar,2001,8871
Myanmar,2002,10127
Myanmar,2003,11374
Myanmar,2004,12579
Myanmar,2005,13640
Myanmar,2006,14244
Myanmar,2007,14540
Myanmar,2008,14310
Myanmar,2009,14387
Myanmar,2010,14345
Myanmar,2011,13970
Myanmar,2012,12997
Myanmar,2013,11505
Myanmar,2014,10098
Namibia,1990,252
Namibia,1991,394
Namibia,1992,611
Namibia,1993,930
Namibia,1994,1383
Namibia,1995,2000
Namibia,1996,2799
Namibia,1997,3788
Namibia,1998,4947
Namibia,1999,6230
Namibia,2000,7551
Namibia,2001,8751
Namibia,2002,9874
Namibia,2003,10781
Namibia,2004,11328
Namibia,2005,11137
Namibia,2006,9333
Namibia,2007,6595
Namibia,2008,5129
Namibia,2009,4610
Namibia,2010,4418
Namibia,2011,5255
Namibia,2012,6951
Namibia,2013,5379
Namibia,2014,5083
Nepal,1990,0.155
Nepal,1991,0.3475
Nepal,1992,0.9685
Nepal,1993,3
Nepal,1994,7
Nepal,1995,17
Nepal,1996,38
Nepal,1997,84
Nepal,1998,178
Nepal,1999,346
Nepal,2000,607
Nepal,2001,965
Nepal,2002,1407
Nepal,2003,1898
Nepal,2004,2392
Nepal,2005,2826
Nepal,2006,3158
Nepal,2007,3307
Nepal,2008,3252
Nepal,2009,3101
Nepal,2010,3184
Nepal,2011,3162
Nepal,2012,2951
Nepal,2013,2776
Nepal,2014,2576
Nicaragua,1990,223
Nicaragua,1991,248
Nicaragua,1992,276
Nicaragua,1993,306
Nicaragua,1994,338
Nicaragua,1995,373
Nicaragua,1996,409
Nicaragua,1997,448
Nicaragua,1998,488
Nicaragua,1999,530
Nicaragua,2000,570
Nicaragua,2001,609
Nicaragua,2002,643
Nicaragua,2003,671
Nicaragua,2004,686
Nicaragua,2005,687
Nicaragua,2006,656
Nicaragua,2007,604
Nicaragua,2008,550
Nicaragua,2009,530
Nicaragua,2010,497
Nicaragua,2011,489
Nicaragua,2012,440
Nicaragua,2013,397
Nicaragua,2014,378
Niger,1990,346
Niger,1991,460
Niger,1992,602
Niger,1993,777
Niger,1994,992
Niger,1995,1253
Niger,1996,1562
Niger,1997,1922
Niger,1998,2327
Niger,1999,2768
Niger,2000,3233
Niger,2001,3705
Niger,2002,4169
Niger,2003,4607
Niger,2004,4991
Niger,2005,5264
Niger,2006,5313
Niger,2007,5233
Niger,2008,5264
Niger,2009,5153
Niger,2010,4290
Niger,2011,4286
Niger,2012,4033
Niger,2013,3716
Niger,2014,3376
Nigeria,1990,22912
Nigeria,1991,28053
Nigeria,1992,34199
Nigeria,1993,41451
Nigeria,1994,49894
Nigeria,1995,59611
Nigeria,1996,70639
Nigeria,1997,82920
Nigeria,1998,96251
Nigeria,1999,110412
Nigeria,2000,125219
Nigeria,2001,140249
Nigeria,2002,154966
Nigeria,2003,168644
Nigeria,2004,177639
Nigeria,2005,182194
Nigeria,2006,188397
Nigeria,2007,184774
Nigeria,2008,192589
Nigeria,2009,175679
Nigeria,2010,178400
Nigeria,2011,190147
Nigeria,2012,192604
Nigeria,2013,180826
Nigeria,2014,174253
Norway,1990,13
Norway,1991,17
Norway,1992,23
Norway,1993,30
Norway,1994,38
Norway,1995,47
Norway,1996,28
Norway,1997,18
Norway,1998,13
Norway,1999,11
Norway,2000,12
Norway,2001,13
Norway,2002,14
Norway,2003,15
Norway,2004,16
Norway,2005,17
Norway,2006,18
Norway,2007,20
Norway,2008,20
Norway,2009,23
Norway,2010,23
Norway,2011,25
Norway,2012,26
Norway,2013,27
Norway,2014,28
Oman,1990,28
Oman,1991,31
Oman,1992,33
Oman,1993,35
Oman,1994,37
Oman,1995,40
Oman,1996,42
Oman,1997,44
Oman,1998,47
Oman,1999,50
Oman,2000,47
Oman,2001,28
Oman,2002,26
Oman,2003,28
Oman,2004,29
Oman,2005,30
Oman,2006,33
Oman,2007,36
Oman,2008,38
Oman,2009,40
Oman,2010,39
Oman,2011,47
Oman,2012,57
Oman,2013,61
Oman,2014,48
Pakistan,1990,22
Pakistan,1991,27
Pakistan,1992,34
Pakistan,1993,42
Pakistan,1994,52
Pakistan,1995,65
Pakistan,1996,80
Pakistan,1997,99
Pakistan,1998,123
Pakistan,1999,151
Pakistan,2000,186
Pakistan,2001,228
Pakistan,2002,280
Pakistan,2003,337
Pakistan,2004,411
Pakistan,2005,499
Pakistan,2006,625
Pakistan,2007,764
Pakistan,2008,884
Pakistan,2009,1056
Pakistan,2010,1274
Pakistan,2011,1524
Pakistan,2012,1845
Pakistan,2013,2300
Pakistan,2014,2787
Panama,1990,66
Panama,1991,94
Panama,1992,126
Panama,1993,162
Panama,1994,202
Panama,1995,248
Panama,1996,303
Panama,1997,371
Panama,1998,455
Panama,1999,509
Panama,2000,403
Panama,2001,536
Panama,2002,688
Panama,2003,816
Panama,2004,920
Panama,2005,988
Panama,2006,1023
Panama,2007,1030
Panama,2008,1039
Panama,2009,988
Panama,2010,810
Panama,2011,830
Panama,2012,762
Panama,2013,671
Panama,2014,603
Papua New Guinea,1990,19
Papua New Guinea,1991,34
Papua New Guinea,1992,59
Papua New Guinea,1993,96
Papua New Guinea,1994,151
Papua New Guinea,1995,227
Papua New Guinea,1996,326
Papua New Guinea,1997,452
Papua New Guinea,1998,604
Papua New Guinea,1999,783
Papua New Guinea,2000,985
Papua New Guinea,2001,1206
Papua New Guinea,2002,1435
Papua New Guinea,2003,1667
Papua New Guinea,2004,1889
Papua New Guinea,2005,2075
Papua New Guinea,2006,2130
Papua New Guinea,2007,1892
Papua New Guinea,2008,1492
Papua New Guinea,2009,1408
Papua New Guinea,2010,1505
Papua New Guinea,2011,1598
Papua New Guinea,2012,1471
Papua New Guinea,2013,1213
Papua New Guinea,2014,900
Paraguay,1990,56
Paraguay,1991,67
Paraguay,1992,80
Paraguay,1993,93
Paraguay,1994,106
Paraguay,1995,120
Paraguay,1996,134
Paraguay,1997,148
Paraguay,1998,164
Paraguay,1999,181
Paraguay,2000,200
Paraguay,2001,220
Paraguay,2002,242
Paraguay,2003,267
Paraguay,2004,294
Paraguay,2005,303
Paraguay,2006,208
Paraguay,2007,186
Paraguay,2008,178
Paraguay,2009,177
Paraguay,2010,200
Paraguay,2011,232
Paraguay,2012,306
Paraguay,2013,358
Paraguay,2014,397
Peru,1990,3050
Peru,1991,3559
Peru,1992,4019
Peru,1993,4414
Peru,1994,4738
Peru,1995,4998
Peru,1996,5204
Peru,1997,5372
Peru,1998,5515
Peru,1999,5641
Peru,2000,5753
Peru,2001,5852
Peru,2002,5884
Peru,2003,5630
Peru,2004,5420
Peru,2005,5504
Peru,2006,5247
Peru,2007,4687
Peru,2008,4050
Peru,2009,3819
Peru,2010,2910
Peru,2011,2213
Peru,2012,2458
Peru,2013,2314
Peru,2014,2533
Philippines,1990,3
Philippines,1991,4
Philippines,1992,6
Philippines,1993,10
Philippines,1994,14
Philippines,1995,21
Philippines,1996,30
Philippines,1997,41
Philippines,1998,56
Philippines,1999,74
Philippines,2000,95
Philippines,2001,119
Philippines,2002,145
Philippines,2003,174
Philippines,2004,205
Philippines,2005,236
Philippines,2006,250
Philippines,2007,247
Philippines,2008,260
Philippines,2009,283
Philippines,2010,313
Philippines,2011,338
Philippines,2012,414
Philippines,2013,480
Philippines,2014,493
Republic of Moldova,1990,7
Republic of Moldova,1991,11
Republic of Moldova,1992,18
Republic of Moldova,1993,28
Republic of Moldova,1994,43
Republic of Moldova,1995,62
Republic of Moldova,1996,88
Republic of Moldova,1997,123
Republic of Moldova,1998,166
Republic of Moldova,1999,218
Republic of Moldova,2000,277
Republic of Moldova,2001,341
Republic of Moldova,2002,409
Republic of Moldova,2003,476
Republic of Moldova,2004,535
Republic of Moldova,2005,588
Republic of Moldova,2006,636
Republic of Moldova,2007,672
Republic of Moldova,2008,687
Republic of Moldova,2009,707
Republic of Moldova,2010,723
Republic of Moldova,2011,750
Republic of Moldova,2012,744
Republic of Moldova,2013,764
Republic of Moldova,2014,777
Rwanda,1990,3880
Rwanda,1991,4732
Rwanda,1992,5543
Rwanda,1993,6454
Rwanda,1994,7672
Rwanda,1995,9346
Rwanda,1996,11508
Rwanda,1997,13957
Rwanda,1998,16347
Rwanda,1999,18357
Rwanda,2000,19502
Rwanda,2001,20289
Rwanda,2002,20677
Rwanda,2003,20755
Rwanda,2004,20138
Rwanda,2005,17441
Rwanda,2006,13111
Rwanda,2007,9712
Rwanda,2008,8645
Rwanda,2009,7722
Rwanda,2010,6377
Rwanda,2011,5002
Rwanda,2012,4058
Rwanda,2013,3439
Rwanda,2014,3048
Sao Tome and Principe,1990,3
Sao Tome and Principe,1991,5
Sao Tome and Principe,1992,10
Sao Tome and Principe,1993,14
Sao Tome and Principe,1994,20
Sao Tome and Principe,1995,26
Sao Tome and Principe,1996,33
Sao Tome and Principe,1997,40
Sao Tome and Principe,1998,47
Sao Tome and Principe,1999,54
Sao Tome and Principe,2000,61
Sao Tome and Principe,2001,68
Sao Tome and Principe,2002,74
Sao Tome and Principe,2003,80
Sao Tome and Principe,2004,85
Sao Tome and Principe,2005,88
Sao Tome and Principe,2006,81
Sao Tome and Principe,2007,79
Sao Tome and Principe,2008,77
Sao Tome and Principe,2009,71
Sao Tome and Principe,2010,66
Sao Tome and Principe,2011,65
Sao Tome and Principe,2012,62
Sao Tome and Principe,2013,57
Sao Tome and Principe,2014,52
Senegal,1990,328
Senegal,1991,376
Senegal,1992,427
Senegal,1993,483
Senegal,1994,545
Senegal,1995,615
Senegal,1996,699
Senegal,1997,802
Senegal,1998,931
Senegal,1999,1089
Senegal,2000,1286
Senegal,2001,1508
Senegal,2002,1725
Senegal,2003,2014
Senegal,2004,2322
Senegal,2005,2618
Senegal,2006,2894
Senegal,2007,2842
Senegal,2008,2026
Senegal,2009,2087
Senegal,2010,2146
Senegal,2011,2224
Senegal,2012,2346
Senegal,2013,2435
Senegal,2014,2369
Sierra Leone,1990,5
Sierra Leone,1991,9
Sierra Leone,1992,18
Sierra Leone,1993,32
Sierra Leone,1994,56
Sierra Leone,1995,94
Sierra Leone,1996,151
Sierra Leone,1997,231
Sierra Leone,1998,342
Sierra Leone,1999,490
Sierra Leone,2000,684
Sierra Leone,2001,930
Sierra Leone,2002,1226
Sierra Leone,2003,1566
Sierra Leone,2004,1934
Sierra Leone,2005,2287
Sierra Leone,2006,2536
Sierra Leone,2007,2762
Sierra Leone,2008,2935
Sierra Leone,2009,2903
Sierra Leone,2010,2802
Sierra Leone,2011,2763
Sierra Leone,2012,2618
Sierra Leone,2013,2604
Sierra Leone,2014,2666
Slovakia,1990,0.2043
Slovakia,1991,0.3444
Slovakia,1992,0.5245
Slovakia,1993,0.7699
Slovakia,1994,1
Slovakia,1995,1
Slovakia,1996,1
Slovakia,1997,1
Slovakia,1998,1
Slovakia,1999,1
Slovakia,2000,2
Slovakia,2001,2
Slovakia,2002,2
Slovakia,2003,2
Slovakia,2004,2
Slovakia,2005,2
Slovakia,2006,3
Slovakia,2007,3
Slovakia,2008,3
Slovakia,2009,4
Slovakia,2010,6
Slovakia,2011,6
Slovakia,2012,6
Slovakia,2013,5
Slovakia,2014,8
Slovenia,1990,0.4362
Slovenia,1991,0.6112
Slovenia,1992,0.8358
Slovenia,1993,1
Slovenia,1994,2
Slovenia,1995,2
Slovenia,1996,2
Slovenia,1997,2
Slovenia,1998,2
Slovenia,1999,2
Slovenia,2000,2
Slovenia,2001,3
Slovenia,2002,3
Slovenia,2003,3
Slovenia,2004,3
Slovenia,2005,4
Slovenia,2006,4
Slovenia,2007,5
Slovenia,2008,5
Slovenia,2009,6
Slovenia,2010,9
Slovenia,2011,8
Slovenia,2012,8
Slovenia,2013,9
Slovenia,2014,10
Somalia,1990,62
Somalia,1991,96
Somalia,1992,144
Somalia,1993,208
Somalia,1994,293
Somalia,1995,404
Somalia,1996,541
Somalia,1997,703
Somalia,1998,886
Somalia,1999,1085
Somalia,2000,1288
Somalia,2001,1490
Somalia,2002,1684
Somalia,2003,1863
Somalia,2004,2022
Somalia,2005,2154
Somalia,2006,2248
Somalia,2007,2314
Somalia,2008,2351
Somalia,2009,2350
Somalia,2010,2369
Somalia,2011,2376
Somalia,2012,2384
Somalia,2013,2365
Somalia,2014,2370
South Africa,1990,869
South Africa,1991,2092
South Africa,1992,4604
South Africa,1993,9240
South Africa,1994,16964
South Africa,1995,28656
South Africa,1996,45028
South Africa,1997,66537
South Africa,1998,93344
South Africa,1999,125147
South Africa,2000,161382
South Africa,2001,200325
South Africa,2002,240146
South Africa,2003,278758
South Africa,2004,310416
South Africa,2005,319389
South Africa,2006,327176
South Africa,2007,321975
South Africa,2008,315459
South Africa,2009,326357
South Africa,2010,332928
South Africa,2011,303077
South Africa,2012,224003
South Africa,2013,159715
South Africa,2014,138379
South Sudan,1990,85
South Sudan,1991,145
South Sudan,1992,235
South Sudan,1993,362
South Sudan,1994,533
South Sudan,1995,765
South Sudan,1996,1074
South Sudan,1997,1468
South Sudan,1998,1945
South Sudan,1999,2504
South Sudan,2000,3122
South Sudan,2001,3805
South Sudan,2002,4537
South Sudan,2003,5314
South Sudan,2004,6129
South Sudan,2005,6983
South Sudan,2006,7861
South Sudan,2007,8735
South Sudan,2008,9545
South Sudan,2009,10240
South Sudan,2010,10684
South Sudan,2011,11428
South Sudan,2012,12032
South Sudan,2013,12567
South Sudan,2014,12740
Sri Lanka,1990,2
Sri Lanka,1991,2
Sri Lanka,1992,3
Sri Lanka,1993,4
Sri Lanka,1994,6
Sri Lanka,1995,8
Sri Lanka,1996,10
Sri Lanka,1997,13
Sri Lanka,1998,16
Sri Lanka,1999,20
Sri Lanka,2000,25
Sri Lanka,2001,30
Sri Lanka,2002,35
Sri Lanka,2003,41
Sri Lanka,2004,47
Sri Lanka,2005,48
Sri Lanka,2006,45
Sri Lanka,2007,50
Sri Lanka,2008,56
Sri Lanka,2009,64
Sri Lanka,2010,71
Sri Lanka,2011,84
Sri Lanka,2012,98
Sri Lanka,2013,110
Sri Lanka,2014,112
Sudan,1990,70
Sudan,1991,91
Sudan,1992,118
Sudan,1993,151
Sudan,1994,191
Sudan,1995,239
Sudan,1996,296
Sudan,1997,361
Sudan,1998,438
Sudan,1999,531
Sudan,2000,641
Sudan,2001,768
Sudan,2002,913
Sudan,2003,1074
Sudan,2004,1249
Sudan,2005,1436
Sudan,2006,1633
Sudan,2007,1837
Sudan,2008,2007
Sudan,2009,1893
Sudan,2010,1961
Sudan,2011,2253
Sudan,2012,2545
Sudan,2013,2770
Sudan,2014,2906
Suriname,1990,6
Suriname,1991,9
Suriname,1992,14
Suriname,1993,21
Suriname,1994,29
Suriname,1995,39
Suriname,1996,51
Suriname,1997,64
Suriname,1998,80
Suriname,1999,96
Suriname,2000,114
Suriname,2001,131
Suriname,2002,150
Suriname,2003,158
Suriname,2004,155
Suriname,2005,157
Suriname,2006,155
Suriname,2007,152
Suriname,2008,138
Suriname,2009,137
Suriname,2010,141
Suriname,2011,145
Suriname,2012,139
Suriname,2013,151
Suriname,2014,159
Swaziland,1990,112
Swaziland,1991,236
Swaziland,1992,443
Swaziland,1993,755
Swaziland,1994,1185
Swaziland,1995,1741
Swaziland,1996,2423
Swaziland,1997,3224
Swaziland,1998,4130
Swaziland,1999,5111
Swaziland,2000,6132
Swaziland,2001,7109
Swaziland,2002,7835
Swaziland,2003,8430
Swaziland,2004,8947
Swaziland,2005,9030
Swaziland,2006,8163
Swaziland,2007,7070
Swaziland,2008,6576
Swaziland,2009,5997
Swaziland,2010,5665
Swaziland,2011,5127
Swaziland,2012,4492
Swaziland,2013,3905
Swaziland,2014,3521
Sweden,1990,76
Sweden,1991,103
Sweden,1992,135
Sweden,1993,170
Sweden,1994,209
Sweden,1995,252
Sweden,1996,151
Sweden,1997,84
Sweden,1998,61
Sweden,1999,50
Sweden,2000,46
Sweden,2001,43
Sweden,2002,43
Sweden,2003,44
Sweden,2004,45
Sweden,2005,55
Sweden,2006,48
Sweden,2007,47
Sweden,2008,49
Sweden,2009,51
Sweden,2010,52
Sweden,2011,64
Sweden,2012,58
Sweden,2013,57
Sweden,2014,70
Syrian Arab Republic,1990,10
Syrian Arab Republic,1991,11
Syrian Arab Republic,1992,12
Syrian Arab Republic,1993,14
Syrian Arab Republic,1994,15
Syrian Arab Republic,1995,16
Syrian Arab Republic,1996,18
Syrian Arab Republic,1997,19
Syrian Arab Republic,1998,21
Syrian Arab Republic,1999,22
Syrian Arab Republic,2000,23
Syrian Arab Republic,2001,25
Syrian Arab Republic,2002,27
Syrian Arab Republic,2003,29
Syrian Arab Republic,2004,29
Syrian Arab Republic,2005,29
Syrian Arab Republic,2006,31
Syrian Arab Republic,2007,34
Syrian Arab Republic,2008,36
Syrian Arab Republic,2009,37
Syrian Arab Republic,2010,37
Syrian Arab Republic,2011,38
Syrian Arab Republic,2012,37
Syrian Arab Republic,2013,37
Syrian Arab Republic,2014,39
Tajikistan,1990,5
Tajikistan,1991,8
Tajikistan,1992,13
Tajikistan,1993,21
Tajikistan,1994,34
Tajikistan,1995,52
Tajikistan,1996,77
Tajikistan,1997,110
Tajikistan,1998,154
Tajikistan,1999,206
Tajikistan,2000,266
Tajikistan,2001,332
Tajikistan,2002,399
Tajikistan,2003,465
Tajikistan,2004,529
Tajikistan,2005,587
Tajikistan,2006,638
Tajikistan,2007,673
Tajikistan,2008,703
Tajikistan,2009,724
Tajikistan,2010,729
Tajikistan,2011,743
Tajikistan,2012,721
Tajikistan,2013,731
Tajikistan,2014,717
Thailand,1990,1150
Thailand,1991,2955
Thailand,1992,5704
Thailand,1993,9407
Thailand,1994,14265
Thailand,1995,20058
Thailand,1996,26470
Thailand,1997,33243
Thailand,1998,40367
Thailand,1999,47520
Thailand,2000,54009
Thailand,2001,58765
Thailand,2002,59766
Thailand,2003,57351
Thailand,2004,53190
Thailand,2005,43873
Thailand,2006,33681
Thailand,2007,29419
Thailand,2008,27154
Thailand,2009,25250
Thailand,2010,23402
Thailand,2011,21138
Thailand,2012,20488
Thailand,2013,20352
Thailand,2014,19390
Togo,1990,847
Togo,1991,1049
Togo,1992,1288
Togo,1993,1571
Togo,1994,1905
Togo,1995,2295
Togo,1996,2747
Togo,1997,3258
Togo,1998,3823
Togo,1999,4427
Togo,2000,5052
Togo,2001,5680
Togo,2002,6277
Togo,2003,6753
Togo,2004,6958
Togo,2005,7046
Togo,2006,6640
Togo,2007,6992
Togo,2008,7338
Togo,2009,7057
Togo,2010,6281
Togo,2011,4943
Togo,2012,4384
Togo,2013,4139
Togo,2014,4333
Tunisia,1990,2
Tunisia,1991,2
Tunisia,1992,3
Tunisia,1993,4
Tunisia,1994,5
Tunisia,1995,6
Tunisia,1996,8
Tunisia,1997,10
Tunisia,1998,12
Tunisia,1999,15
Tunisia,2000,17
Tunisia,2001,19
Tunisia,2002,15
Tunisia,2003,16
Tunisia,2004,18
Tunisia,2005,20
Tunisia,2006,22
Tunisia,2007,23
Tunisia,2008,26
Tunisia,2009,29
Tunisia,2010,33
Tunisia,2011,40
Tunisia,2012,48
Tunisia,2013,61
Tunisia,2014,79
Uganda,1990,49057
Uganda,1991,58894
Uganda,1992,68249
Uganda,1993,76608
Uganda,1994,83496
Uganda,1995,88635
Uganda,1996,91938
Uganda,1997,93494
Uganda,1998,93561
Uganda,1999,92451
Uganda,2000,90551
Uganda,2001,87877
Uganda,2002,83465
Uganda,2003,78988
Uganda,2004,74281
Uganda,2005,63991
Uganda,2006,55531
Uganda,2007,58695
Uganda,2008,58036
Uganda,2009,52799
Uganda,2010,49932
Uganda,2011,45711
Uganda,2012,42194
Uganda,2013,38640
Uganda,2014,32890
UNAIDS Region - Asia and the Pacific,1990,5813
UNAIDS Region - Asia and the Pacific,1991,9739
UNAIDS Region - Asia and the Pacific,1992,15861
UNAIDS Region - Asia and the Pacific,1993,24873
UNAIDS Region - Asia and the Pacific,1994,37873
UNAIDS Region - Asia and the Pacific,1995,55906
UNAIDS Region - Asia and the Pacific,1996,78275
UNAIDS Region - Asia and the Pacific,1997,105999
UNAIDS Region - Asia and the Pacific,1998,139144
UNAIDS Region - Asia and the Pacific,1999,176503
UNAIDS Region - Asia and the Pacific,2000,215664
UNAIDS Region - Asia and the Pacific,2001,253793
UNAIDS Region - Asia and the Pacific,2002,286344
UNAIDS Region - Asia and the Pacific,2003,311749
UNAIDS Region - Asia and the Pacific,2004,331666
UNAIDS Region - Asia and the Pacific,2005,340656
UNAIDS Region - Asia and the Pacific,2006,335438
UNAIDS Region - Asia and the Pacific,2007,330746
UNAIDS Region - Asia and the Pacific,2008,316138
UNAIDS Region - Asia and the Pacific,2009,303853
UNAIDS Region - Asia and the Pacific,2010,289529
UNAIDS Region - Asia and the Pacific,2011,276282
UNAIDS Region - Asia and the Pacific,2012,261823
UNAIDS Region - Asia and the Pacific,2013,250895
UNAIDS Region - Asia and the Pacific,2014,238685
UNAIDS Region - Caribbean,1990,2672
UNAIDS Region - Caribbean,1991,3637
UNAIDS Region - Caribbean,1992,4802
UNAIDS Region - Caribbean,1993,6167
UNAIDS Region - Caribbean,1994,7719
UNAIDS Region - Caribbean,1995,9427
UNAIDS Region - Caribbean,1996,11241
UNAIDS Region - Caribbean,1997,13102
UNAIDS Region - Caribbean,1998,14964
UNAIDS Region - Caribbean,1999,16724
UNAIDS Region - Caribbean,2000,18354
UNAIDS Region - Caribbean,2001,19750
UNAIDS Region - Caribbean,2002,20719
UNAIDS Region - Caribbean,2003,21346
UNAIDS Region - Caribbean,2004,21698
UNAIDS Region - Caribbean,2005,21370
UNAIDS Region - Caribbean,2006,19388
UNAIDS Region - Caribbean,2007,16923
UNAIDS Region - Caribbean,2008,14853
UNAIDS Region - Caribbean,2009,13163
UNAIDS Region - Caribbean,2010,12503
UNAIDS Region - Caribbean,2011,12803
UNAIDS Region - Caribbean,2012,11967
UNAIDS Region - Caribbean,2013,10390
UNAIDS Region - Caribbean,2014,8812
UNAIDS Region - East and Southern Africa,1990,164026
UNAIDS Region - East and Southern Africa,1991,208258
UNAIDS Region - East and Southern Africa,1992,259518
UNAIDS Region - East and Southern Africa,1993,318364
UNAIDS Region - East and Southern Africa,1994,384875
UNAIDS Region - East and Southern Africa,1995,459182
UNAIDS Region - East and Southern Africa,1996,540087
UNAIDS Region - East and Southern Africa,1997,625977
UNAIDS Region - East and Southern Africa,1998,714576
UNAIDS Region - East and Southern Africa,1999,803391
UNAIDS Region - East and Southern Africa,2000,889449
UNAIDS Region - East and Southern Africa,2001,970150
UNAIDS Region - East and Southern Africa,2002,1040910
UNAIDS Region - East and Southern Africa,2003,1099370
UNAIDS Region - East and Southern Africa,2004,1132230
UNAIDS Region - East and Southern Africa,2005,1108330
UNAIDS Region - East and Southern Africa,2006,1062010
UNAIDS Region - East and Southern Africa,2007,981427
UNAIDS Region - East and Southern Africa,2008,885784
UNAIDS Region - East and Southern Africa,2009,838030
UNAIDS Region - East and Southern Africa,2010,796871
UNAIDS Region - East and Southern Africa,2011,725260
UNAIDS Region - East and Southern Africa,2012,620054
UNAIDS Region - East and Southern Africa,2013,523701
UNAIDS Region - East and Southern Africa,2014,463685
UNAIDS Region - Eastern Europe and Central Asia,1990,931.951
UNAIDS Region - Eastern Europe and Central Asia,1991,1374.91
UNAIDS Region - Eastern Europe and Central Asia,1992,2044.55
UNAIDS Region - Eastern Europe and Central Asia,1993,2964.24
UNAIDS Region - Eastern Europe and Central Asia,1994,4243.96
UNAIDS Region - Eastern Europe and Central Asia,1995,5975.6
UNAIDS Region - Eastern Europe and Central Asia,1996,7994.98
UNAIDS Region - Eastern Europe and Central Asia,1997,10344.4
UNAIDS Region - Eastern Europe and Central Asia,1998,13112.8
UNAIDS Region - Eastern Europe and Central Asia,1999,16144.3
UNAIDS Region - Eastern Europe and Central Asia,2000,19732.6
UNAIDS Region - Eastern Europe and Central Asia,2001,24991.9
UNAIDS Region - Eastern Europe and Central Asia,2002,31122
UNAIDS Region - Eastern Europe and Central Asia,2003,37174
UNAIDS Region - Eastern Europe and Central Asia,2004,43050
UNAIDS Region - Eastern Europe and Central Asia,2005,48612
UNAIDS Region - Eastern Europe and Central Asia,2006,54166
UNAIDS Region - Eastern Europe and Central Asia,2007,56685
UNAIDS Region - Eastern Europe and Central Asia,2008,56687
UNAIDS Region - Eastern Europe and Central Asia,2009,56574
UNAIDS Region - Eastern Europe and Central Asia,2010,58788
UNAIDS Region - Eastern Europe and Central Asia,2011,64833
UNAIDS Region - Eastern Europe and Central Asia,2012,69902
UNAIDS Region - Eastern Europe and Central Asia,2013,63220
UNAIDS Region - Eastern Europe and Central Asia,2014,61501
UNAIDS Region - Latin America,1990,25757.4
UNAIDS Region - Latin America,1991,31448.8
UNAIDS Region - Latin America,1992,37383.2
UNAIDS Region - Latin America,1993,43351.4
UNAIDS Region - Latin America,1994,49079.9
UNAIDS Region - Latin America,1995,54121
UNAIDS Region - Latin America,1996,56319
UNAIDS Region - Latin America,1997,57692
UNAIDS Region - Latin America,1998,58359
UNAIDS Region - Latin America,1999,57816
UNAIDS Region - Latin America,2000,59815
UNAIDS Region - Latin America,2001,61150
UNAIDS Region - Latin America,2002,61202
UNAIDS Region - Latin America,2003,60425
UNAIDS Region - Latin America,2004,58712
UNAIDS Region - Latin America,2005,58189
UNAIDS Region - Latin America,2006,56797
UNAIDS Region - Latin America,2007,53261
UNAIDS Region - Latin America,2008,51263
UNAIDS Region - Latin America,2009,50481
UNAIDS Region - Latin America,2010,48520
UNAIDS Region - Latin America,2011,46588
UNAIDS Region - Latin America,2012,44613
UNAIDS Region - Latin America,2013,42711
UNAIDS Region - Latin America,2014,41251
UNAIDS Region - Middle East and North Africa,1990,305
UNAIDS Region - Middle East and North Africa,1991,412
UNAIDS Region - Middle East and North Africa,1992,550
UNAIDS Region - Middle East and North Africa,1993,728
UNAIDS Region - Middle East and North Africa,1994,952
UNAIDS Region - Middle East and North Africa,1995,1233
UNAIDS Region - Middle East and North Africa,1996,1577
UNAIDS Region - Middle East and North Africa,1997,1985
UNAIDS Region - Middle East and North Africa,1998,2465
UNAIDS Region - Middle East and North Africa,1999,3025
UNAIDS Region - Middle East and North Africa,2000,3641
UNAIDS Region - Middle East and North Africa,2001,4232
UNAIDS Region - Middle East and North Africa,2002,4983
UNAIDS Region - Middle East and North Africa,2003,5838
UNAIDS Region - Middle East and North Africa,2004,6587
UNAIDS Region - Middle East and North Africa,2005,7411
UNAIDS Region - Middle East and North Africa,2006,8202
UNAIDS Region - Middle East and North Africa,2007,8733
UNAIDS Region - Middle East and North Africa,2008,9350
UNAIDS Region - Middle East and North Africa,2009,9584
UNAIDS Region - Middle East and North Africa,2010,10123
UNAIDS Region - Middle East and North Africa,2011,10867
UNAIDS Region - Middle East and North Africa,2012,11404
UNAIDS Region - Middle East and North Africa,2013,11742
UNAIDS Region - Middle East and North Africa,2014,12057
UNAIDS Region - Sub-Saharan Africa,1990,236675
UNAIDS Region - Sub-Saharan Africa,1991,297165
UNAIDS Region - Sub-Saharan Africa,1992,367086
UNAIDS Region - Sub-Saharan Africa,1993,446920
UNAIDS Region - Sub-Saharan Africa,1994,536528
UNAIDS Region - Sub-Saharan Africa,1995,635810
UNAIDS Region - Sub-Saharan Africa,1996,743304
UNAIDS Region - Sub-Saharan Africa,1997,857051
UNAIDS Region - Sub-Saharan Africa,1998,974279
UNAIDS Region - Sub-Saharan Africa,1999,1091940
UNAIDS Region - Sub-Saharan Africa,2000,1206610
UNAIDS Region - Sub-Saharan Africa,2001,1314860
UNAIDS Region - Sub-Saharan Africa,2002,1410460
UNAIDS Region - Sub-Saharan Africa,2003,1491020
UNAIDS Region - Sub-Saharan Africa,2004,1537500
UNAIDS Region - Sub-Saharan Africa,2005,1513350
UNAIDS Region - Sub-Saharan Africa,2006,1464270
UNAIDS Region - Sub-Saharan Africa,2007,1372620
UNAIDS Region - Sub-Saharan Africa,2008,1275220
UNAIDS Region - Sub-Saharan Africa,2009,1194720
UNAIDS Region - Sub-Saharan Africa,2010,1145540
UNAIDS Region - Sub-Saharan Africa,2011,1083250
UNAIDS Region - Sub-Saharan Africa,2012,974989
UNAIDS Region - Sub-Saharan Africa,2013,861078
UNAIDS Region - Sub-Saharan Africa,2014,793508
UNAIDS Region - West and Central Africa,1990,72649
UNAIDS Region - West and Central Africa,1991,88907
UNAIDS Region - West and Central Africa,1992,107568
UNAIDS Region - West and Central Africa,1993,128556
UNAIDS Region - West and Central Africa,1994,151653
UNAIDS Region - West and Central Africa,1995,176628
UNAIDS Region - West and Central Africa,1996,203217
UNAIDS Region - West and Central Africa,1997,231074
UNAIDS Region - West and Central Africa,1998,259703
UNAIDS Region - West and Central Africa,1999,288551
UNAIDS Region - West and Central Africa,2000,317161
UNAIDS Region - West and Central Africa,2001,344706
UNAIDS Region - West and Central Africa,2002,369552
UNAIDS Region - West and Central Africa,2003,391652
UNAIDS Region - West and Central Africa,2004,405262
UNAIDS Region - West and Central Africa,2005,405024
UNAIDS Region - West and Central Africa,2006,402263
UNAIDS Region - West and Central Africa,2007,391196
UNAIDS Region - West and Central Africa,2008,389438
UNAIDS Region - West and Central Africa,2009,356692
UNAIDS Region - West and Central Africa,2010,348667
UNAIDS Region - West and Central Africa,2011,357990
UNAIDS Region - West and Central Africa,2012,354935
UNAIDS Region - West and Central Africa,2013,337377
UNAIDS Region - West and Central Africa,2014,329823
UNAIDS Region - Western & Central Europe and North America,1990,44947.4
UNAIDS Region - Western & Central Europe and North America,1991,53575.1
UNAIDS Region - Western & Central Europe and North America,1992,61952.6
UNAIDS Region - Western & Central Europe and North America,1993,69477.4
UNAIDS Region - Western & Central Europe and North America,1994,76223
UNAIDS Region - Western & Central Europe and North America,1995,82324
UNAIDS Region - Western & Central Europe and North America,1996,60161
UNAIDS Region - Western & Central Europe and North America,1997,38093
UNAIDS Region - Western & Central Europe and North America,1998,33284
UNAIDS Region - Western & Central Europe and North America,1999,30428
UNAIDS Region - Western & Central Europe and North America,2000,29001
UNAIDS Region - Western & Central Europe and North America,2001,27618.8
UNAIDS Region - Western & Central Europe and North America,2002,26937.8
UNAIDS Region - Western & Central Europe and North America,2003,27242.8
UNAIDS Region - Western & Central Europe and North America,2004,26560.8
UNAIDS Region - Western & Central Europe and North America,2005,26044.8
UNAIDS Region - Western & Central Europe and North America,2006,24757.9
UNAIDS Region - Western & Central Europe and North America,2007,24311.9
UNAIDS Region - Western & Central Europe and North America,2008,25278.9
UNAIDS Region - Western & Central Europe and North America,2009,25074.9
UNAIDS Region - Western & Central Europe and North America,2010,23698
UNAIDS Region - Western & Central Europe and North America,2011,23593
UNAIDS Region - Western & Central Europe and North America,2012,24607
UNAIDS Region - Western & Central Europe and North America,2013,25441
UNAIDS Region - Western & Central Europe and North America,2014,25889
United Republic of Tanzania,1990,23249
United Republic of Tanzania,1991,29357
United Republic of Tanzania,1992,36350
United Republic of Tanzania,1993,44064
United Republic of Tanzania,1994,52245
United Republic of Tanzania,1995,60583
United Republic of Tanzania,1996,68840
United Republic of Tanzania,1997,76770
United Republic of Tanzania,1998,84190
United Republic of Tanzania,1999,90927
United Republic of Tanzania,2000,96981
United Republic of Tanzania,2001,102189
United Republic of Tanzania,2002,106429
United Republic of Tanzania,2003,109717
United Republic of Tanzania,2004,112130
United Republic of Tanzania,2005,113129
United Republic of Tanzania,2006,109290
United Republic of Tanzania,2007,96496
United Republic of Tanzania,2008,78469
United Republic of Tanzania,2009,77096
United Republic of Tanzania,2010,72242
United Republic of Tanzania,2011,64911
United Republic of Tanzania,2012,67643
United Republic of Tanzania,2013,54980
United Republic of Tanzania,2014,46065
Uruguay,1990,9
Uruguay,1991,17
Uruguay,1992,27
Uruguay,1993,43
Uruguay,1994,63
Uruguay,1995,88
Uruguay,1996,118
Uruguay,1997,133
Uruguay,1998,92
Uruguay,1999,102
Uruguay,2000,118
Uruguay,2001,138
Uruguay,2002,161
Uruguay,2003,216
Uruguay,2004,324
Uruguay,2005,449
Uruguay,2006,567
Uruguay,2007,651
Uruguay,2008,721
Uruguay,2009,799
Uruguay,2010,854
Uruguay,2011,874
Uruguay,2012,785
Uruguay,2013,592
Uruguay,2014,583
Uzbekistan,1990,0.4071
Uzbekistan,1991,0.9639
Uzbekistan,1992,2
Uzbekistan,1993,5
Uzbekistan,1994,10
Uzbekistan,1995,22
Uzbekistan,1996,44
Uzbekistan,1997,80
Uzbekistan,1998,140
Uzbekistan,1999,233
Uzbekistan,2000,365
Uzbekistan,2001,542
Uzbekistan,2002,767
Uzbekistan,2003,1040
Uzbekistan,2004,1351
Uzbekistan,2005,1688
Uzbekistan,2006,2027
Uzbekistan,2007,2266
Uzbekistan,2008,2382
Uzbekistan,2009,2565
Uzbekistan,2010,2751
Uzbekistan,2011,2897
Uzbekistan,2012,2744
Uzbekistan,2013,2462
Uzbekistan,2014,2156
Viet Nam,1990,6
Viet Nam,1991,14
Viet Nam,1992,30
Viet Nam,1993,65
Viet Nam,1994,139
Viet Nam,1995,288
Viet Nam,1996,583
Viet Nam,1997,1124
Viet Nam,1998,2006
Viet Nam,1999,3230
Viet Nam,2000,4688
Viet Nam,2001,6255
Viet Nam,2002,7853
Viet Nam,2003,9418
Viet Nam,2004,10901
Viet Nam,2005,12191
Viet Nam,2006,12598
Viet Nam,2007,12086
Viet Nam,2008,11042
Viet Nam,2009,9488
Viet Nam,2010,9092
Viet Nam,2011,9915
Viet Nam,2012,10285
Viet Nam,2013,10593
Viet Nam,2014,10648
Yemen,1990,21
Yemen,1991,29
Yemen,1992,39
Yemen,1993,50
Yemen,1994,63
Yemen,1995,77
Yemen,1996,91
Yemen,1997,105
Yemen,1998,119
Yemen,1999,132
Yemen,2000,146
Yemen,2001,160
Yemen,2002,173
Yemen,2003,187
Yemen,2004,202
Yemen,2005,217
Yemen,2006,232
Yemen,2007,246
Yemen,2008,239
Yemen,2009,230
Yemen,2010,239
Yemen,2011,232
Yemen,2012,257
Yemen,2013,280
Yemen,2014,287
Zambia,1990,27219
Zambia,1991,30954
Zambia,1992,34560
Zambia,1993,38034
Zambia,1994,41306
Zambia,1995,44480
Zambia,1996,47511
Zambia,1997,50380
Zambia,1998,53051
Zambia,1999,55488
Zambia,2000,57687
Zambia,2001,59701
Zambia,2002,61503
Zambia,2003,62407
Zambia,2004,58617
Zambia,2005,55625
Zambia,2006,51766
Zambia,2007,45364
Zambia,2008,32360
Zambia,2009,26777
Zambia,2010,25686
Zambia,2011,26354
Zambia,2012,23542
Zambia,2013,20780
Zambia,2014,18882
Zimbabwe,1990,12641
Zimbabwe,1991,18708
Zimbabwe,1992,26479
Zimbabwe,1993,35966
Zimbabwe,1994,47014
Zimbabwe,1995,59601
Zimbabwe,1996,73183
Zimbabwe,1997,87061
Zimbabwe,1998,100470
Zimbabwe,1999,112572
Zimbabwe,2000,122282
Zimbabwe,2001,129398
Zimbabwe,2002,133699
Zimbabwe,2003,135314
Zimbabwe,2004,134247
Zimbabwe,2005,127430
Zimbabwe,2006,118009
Zimbabwe,2007,105067
Zimbabwe,2008,91114
Zimbabwe,2009,78157
Zimbabwe,2010,64241
Zimbabwe,2011,52902
Zimbabwe,2012,46358
Zimbabwe,2013,42248
Zimbabwe,2014,38616
