Country or Area,Year,Total Men and Women Employed
Albania,1994,1161
Albania,1995,1138
Albania,1996,1116
Albania,1997,1107
Albania,1998,1085
Albania,1999,1065
Albania,2000,1068
Albania,2001,1063
Albania,2002,920
Albania,2003,926
Albania,2004,931
Albania,2005,932.1
Albania,2006,935
Algeria,1993,4273
Algeria,1994,4325
Algeria,1995,4505
Algeria,2001,6228.772
Algeria,2003,6684.056
Algeria,2004,7798.4
American Samoa,1990,13.461
Angola,1992,497.206
Anguilla,1992,4.121
Anguilla,1999,6.18
Anguilla,2001,5.644
Antigua and Barbuda,1973,17.803
Antigua and Barbuda,1974,19.254
Antigua and Barbuda,1975,19.761
Antigua and Barbuda,1976,20.013
Antigua and Barbuda,2001,70.034
Antigua and Barbuda,2002,34.431
Antigua and Barbuda,2003,35.074
Antigua and Barbuda,2004,35.728
Antigua and Barbuda,2005,36.395
Antigua and Barbuda,2006,37.074
Antigua and Barbuda,2007,37.765
Antigua and Barbuda,2008,38.47
Argentina,1982,3740.609
Argentina,1983,3704.13
Argentina,1984,3897.001
Argentina,1990,4372.825
Argentina,1991,4373.197
Argentina,1992,4495.566
Argentina,1993,4609.059
Argentina,1994,4386.273
Argentina,1995,4157.217
Argentina,1996,7369.83
Argentina,1997,7858.448
Argentina,1998,8278.638
Argentina,1999,8285.166
Argentina,2000,8261.723
Argentina,2001,8143.391
Argentina,2002,8016.067
Argentina,2003,8956.213
Argentina,2004,9414.96
Argentina,2005,9638.714
Argentina,2006,10040.505
Armenia,2002,1106.4
Armenia,2003,1107.6
Armenia,2004,1081.7
Armenia,2005,1097.8
Armenia,2006,1092.4
Armenia,2007,1188.5
Aruba,1994,35.94
Aruba,1997,41.501
Aruba,2000,41.918
Aruba,2007,51.607
Australia,1969,5183
Australia,1970,5395.6
Australia,1971,5515.7
Australia,1972,5609.9
Australia,1973,5783
Australia,1974,5855.2
Australia,1975,5841.3
Australia,1976,5897.8
Australia,1977,5995.4
Australia,1978,6005.4
Australia,1979,6078.5
Australia,1980,6284.3
Australia,1981,6416.5
Australia,1982,6414.9
Australia,1983,6300.4
Australia,1984,6493.9
Australia,1985,6697.5
Australia,1986,6974.5
Australia,1987,7128.8
Australia,1988,14580
Australia,1989,15436.1
Australia,1990,15695.5
Australia,1991,15343.5
Australia,1992,15249.1
Australia,1993,15324.4
Australia,1994,15825
Australia,1995,8218.2
Australia,1996,15960.519
Australia,1997,8391.3
Australia,1998,8572.3
Australia,1999,8720.2
Australia,2000,8951.3
Australia,2001,9081.394
Australia,2002,9245.777
Australia,2003,9464.923
Australia,2004,9623.283
Australia,2005,9968.577
Australia,2006,10218.345
Australia,2007,10512.346
Australia,2008,10740.499
Austria,1983,3158.4
Austria,1984,3235.3
Austria,1985,3234.5
Austria,1986,3282.3
Austria,1987,3299.8
Austria,1988,3310.6
Austria,1989,3346.4
Austria,1990,3421.1
Austria,1991,3481.7
Austria,1992,3546.7
Austria,1993,3575.5
Austria,1994,7484
Austria,1995,3758.8
Austria,1996,3709.8
Austria,1997,3719.4
Austria,1998,3723.3
Austria,1999,3762.3
Austria,2000,3776.5
Austria,2001,3799.6
Austria,2002,3835.7
Austria,2003,3798.4
Austria,2004,3744
Austria,2005,3824.4
Austria,2006,3928.3
Austria,2007,4027.9
Austria,2008,4089.986
Azerbaijan,1983,2503.1
Azerbaijan,1984,2559.4
Azerbaijan,1985,2619.2
Azerbaijan,1986,2671.1
Azerbaijan,1987,2749.5
Azerbaijan,1988,2761.3
Azerbaijan,1989,2880
Azerbaijan,1990,3703.4
Azerbaijan,1991,3732
Azerbaijan,1992,3722
Azerbaijan,1993,3714.6
Azerbaijan,1994,3631.3
Azerbaijan,1995,3613
Azerbaijan,1996,3686.7
Azerbaijan,1997,3694.1
Azerbaijan,1998,7403
Azerbaijan,1999,3702.8
Azerbaijan,2000,3704.5
Azerbaijan,2001,3715
Azerbaijan,2002,3726.5
Azerbaijan,2003,7124.8
Azerbaijan,2004,3809.1
Azerbaijan,2005,3850.2
Azerbaijan,2006,7958.9
Azerbaijan,2007,8028.1
Azerbaijan,2008,8112
Bahamas,1973,71.66
Bahamas,1975,66.418
Bahamas,1977,73.658
Bahamas,1979,67.721
Bahamas,1986,97.4
Bahamas,1989,112.49
Bahamas,1991,114.275
Bahamas,1992,114.7
Bahamas,1993,118.95
Bahamas,1994,120.3
Bahamas,1995,127.44
Bahamas,1996,129.765
Bahamas,1997,135.255
Bahamas,1998,144.355
Bahamas,1999,145.35
Bahamas,2001,153.31
Bahamas,2002,152.69
Bahamas,2003,154.965
Bahamas,2004,158.34
Bahamas,2005,160.53
Bahamas,2006,165.505
Bahamas,2007,171.49
Bahrain,1979,130.5
Bahrain,1981,139
Bahrain,1982,141.1
Bahrain,2001,291.378
Bangladesh,1984,27976
Bangladesh,1985,28977
Bangladesh,1986,30563
Bangladesh,1989,50148
Bangladesh,1991,50159
Bangladesh,1996,54597
Bangladesh,2000,51764
Bangladesh,2003,44322
Bangladesh,2005,47357
Barbados,1976,87.7
Barbados,1977,87.2
Barbados,1978,87.45
Barbados,1981,100.2
Barbados,1982,97.3
Barbados,1983,95.7
Barbados,1984,93.1
Barbados,1985,92.1
Barbados,1986,96.2
Barbados,1987,97.9
Barbados,1988,100.3
Barbados,1989,107.4
Barbados,1990,105.2
Barbados,1991,101.4
Barbados,1992,96.1
Barbados,1993,95.4
Barbados,1994,105.5
Barbados,1995,109.9
Barbados,1996,115.8
Barbados,1997,117.7
Barbados,1998,121.7
Barbados,1999,125.2
Barbados,2000,129
Barbados,2001,130.9
Barbados,2002,128.6
Barbados,2003,129.5
Barbados,2004,132
Belarus,1987,5144
Belarus,1988,5173.5
Belarus,1989,5200.1
Belarus,1990,5150.8
Belarus,1991,5022.5
Belarus,1992,4891.4
Belarus,1993,4827.7
Belarus,1994,4700.9
Belarus,1995,4409.6
Belarus,1996,4364.8
Belarus,1997,4369.9
Belarus,1998,4416.6
Belarus,1999,4442
Belarus,2000,4441
Belarus,2001,4417.4
Belarus,2002,4380.8
Belgium,1970,3641.2
Belgium,1971,3664.5
Belgium,1972,3656.8
Belgium,1973,3688
Belgium,1974,3747.2
Belgium,1975,3694.6
Belgium,1976,3677.6
Belgium,1977,3663.5
Belgium,1978,3670.2
Belgium,1979,3705.4
Belgium,1980,3700.2
Belgium,1981,3631.2
Belgium,1982,3583
Belgium,1983,3546.1
Belgium,1984,3540.5
Belgium,1985,3560.8
Belgium,1986,3583.8
Belgium,1987,3600.1
Belgium,1988,7148.7
Belgium,1989,7306.7
Belgium,1990,7400.8
Belgium,1991,11269.9
Belgium,1992,11278.7
Belgium,1994,7442.758
Belgium,1995,7507.2
Belgium,1996,7524.68
Belgium,1997,7593.97
Belgium,1998,7656.67
Belgium,1999,7854.38
Belgium,2000,4092.17
Belgium,2001,4051.198
Belgium,2002,4069.833
Belgium,2003,4070.422
Belgium,2004,4139.2
Belgium,2005,4235.3
Belgium,2006,4262.8
Belgium,2007,4380.278
Belgium,2008,4445.897
Belize,1993,124.17
Belize,1994,124.86
Belize,1995,125.14
Belize,1996,130.05
Belize,1997,141.36
Belize,1998,146.69
Belize,1999,155.51
Belize,2005,98.589
Bermuda,2000,36.878
Bhutan,2005,249.03
Bolivia,1976,1547.16
Bolivia,1977,1589.12
Bolivia,1978,1628.94
Bolivia,1979,1676.97
Bolivia,1980,1719.59
Bolivia,1981,1684.54
Bolivia,1982,1707.95
Bolivia,1983,1678.57
Bolivia,1984,1705.49
Bolivia,1985,1685.8
Bolivia,1986,1661.43
Bolivia,1987,1670.34
Bolivia,1988,1769.37
Bolivia,1989,3367.516
Bolivia,1990,3622.487
Bolivia,1991,1875.687
Bolivia,1992,2064.14
Bolivia,1993,1090.97
Bolivia,1994,1195.37
Bolivia,1995,1256.6
Bolivia,1996,1848.53
Bolivia,1997,1877.53
Bolivia,1999,5654.933
Bolivia,2000,5728.223
Bolivia,2001,3884.251
Bolivia,2002,3824.938
Bolivia,2004,4194.779
Bolivia,2005,4257.151
Bolivia,2006,4550.309
Bolivia,2007,4672.361
Botswana,1985,274.852
Botswana,1996,345.405
Botswana,1998,441.187
Botswana,2000,483.432
Botswana,2001,449.235
Botswana,2003,462.366
Botswana,2006,539.15
Brazil,1981,45465
Brazil,1982,47926
Brazil,1983,48466
Brazil,1984,50209
Brazil,1985,53761
Brazil,1986,55436
Brazil,1987,57410
Brazil,1988,58729
Brazil,1989,60622
Brazil,1990,62100
Brazil,1992,65395
Brazil,1993,66570
Brazil,1995,69629
Brazil,1996,67920
Brazil,1997,69332
Brazil,1998,69963
Brazil,1999,71676
Brazil,2000,65629.89
Brazil,2001,75458
Brazil,2002,157138.866
Brazil,2003,159414.481
Brazil,2004,84596.294
Brazil,2005,87189
Brazil,2006,89318
Brazil,2007,90786.019
Brunei Darussalam,1991,106.746
Brunei Darussalam,2001,146.254
Bulgaria,1979,4335.4
Bulgaria,1980,4363.9
Bulgaria,1981,4417.5
Bulgaria,1982,4452.4
Bulgaria,1983,4466.3
Bulgaria,1984,4459.5
Bulgaria,1985,4459.5
Bulgaria,1986,4473.3
Bulgaria,1987,4486.9
Bulgaria,1988,4467.8
Bulgaria,1989,4365
Bulgaria,1990,4096.8
Bulgaria,1991,3564
Bulgaria,1992,3273.7
Bulgaria,1993,3221.8
Bulgaria,1994,3241.6
Bulgaria,1995,3282.2
Bulgaria,1996,6565.377
Bulgaria,1997,3157.435
Bulgaria,1998,3152.5
Bulgaria,1999,3087.8
Bulgaria,2000,2980.1
Bulgaria,2001,5566.124
Bulgaria,2002,2978.7
Bulgaria,2003,6000.5
Bulgaria,2004,6148.5
Bulgaria,2005,6233.52
Bulgaria,2006,6459.199
Bulgaria,2007,3252.6
Bulgaria,2008,3360.7
Cambodia,2004,6560.63
Cameroon,1986,3813.251
Canada,1969,7693
Canada,1970,7778
Canada,1971,7958
Canada,1972,8191
Canada,1973,8598
Canada,1974,8951
Canada,1975,9284
Canada,1976,9477
Canada,1977,9651
Canada,1978,9987
Canada,1979,10395
Canada,1980,10708
Canada,1981,11001
Canada,1982,10618
Canada,1983,10675
Canada,1984,10932
Canada,1985,11221
Canada,1986,11531
Canada,1987,24283.4
Canada,1988,25063.9
Canada,1989,25572
Canada,1990,25737.1
Canada,1991,25256.1
Canada,1992,25082
Canada,1993,25397.7
Canada,1994,26583.4
Canada,1995,26800.9
Canada,1996,27097.6
Canada,1997,27646.6
Canada,1998,14046.2
Canada,1999,14406.7
Canada,2000,14764.2
Canada,2001,14946.2
Canada,2002,15310.4
Canada,2003,15672.3
Canada,2004,15947
Canada,2005,16169.7
Canada,2006,16484.3
Canada,2007,16866.4
Canada,2008,17125.8
Cayman Islands,1991,15.755
Cayman Islands,1992,15.22
Cayman Islands,1993,15.995
Cayman Islands,1994,16.825
Cayman Islands,1995,18.845
Cayman Islands,1996,19.37
Cayman Islands,1997,20.725
Cayman Islands,2005,35.464
Cayman Islands,2006,35.016
Cayman Islands,2007,35.081
Cayman Islands,2008,37.45
Chile,1975,2715.9
Chile,1976,2779.5
Chile,1977,2821.2
Chile,1978,2980.5
Chile,1979,3003.2
Chile,1980,3256.3
Chile,1981,3271
Chile,1982,2943.2
Chile,1983,3215.8
Chile,1984,3349.3
Chile,1985,3720.6
Chile,1986,3895.7
Chile,1987,4010.6
Chile,1988,4266.2
Chile,1989,4424.9
Chile,1990,4459.5
Chile,1991,4540.4
Chile,1992,4773.3
Chile,1993,4985.73
Chile,1994,4988.25
Chile,1995,5025.82
Chile,1996,5298.7
Chile,1997,5380.16
Chile,1998,5432.35
Chile,1999,5404.48
Chile,2000,5381.46
Chile,2001,5479.4
Chile,2002,10617.185
Chile,2003,5675.1
Chile,2004,5862.9
Chile,2005,5905
Chile,2006,6411
Chile,2007,6566.1
Chile,2008,6740.408
China,1977,393770
China,1978,401520
China,1979,410240
China,1980,423610
China,1981,437250
China,1982,452950
China,1983,464360
China,1984,481970
China,1985,498730
China,1986,512820
China,1987,527830
China,1988,543340
China,1989,563290
China,1990,639090
China,1991,647990
China,1992,655540
China,1993,668080
China,1994,674550
China,1995,680650
China,1996,689500
China,1997,698200
China,1998,706370
China,1999,713940
China,2000,720850
China,2001,730250
China,2002,737400
China,2003,109697
China,2004,110989
China,2005,114040
China,2006,117132
China,2007,120244
Colombia,1975,2146.885
Colombia,1976,2317.608
Colombia,1977,2529.912
Colombia,1978,2751.333
Colombia,1979,2996.633
Colombia,1980,3202.241
Colombia,1985,3099.946
Colombia,1986,3247.613
Colombia,1987,3442.638
Colombia,1988,3572.186
Colombia,1989,3668.33
Colombia,1990,4324.688
Colombia,1991,4857.326
Colombia,1992,5004.895
Colombia,1993,16413.635
Colombia,1994,5384.097
Colombia,1995,5464.943
Colombia,1996,5415.539
Colombia,1997,5657.442
Colombia,1998,5654.884
Colombia,1999,5640.639
Colombia,2000,5909.655
Colombia,2001,16497.6
Colombia,2002,32464.204
Colombia,2003,34116.979
Colombia,2004,34281.904
Colombia,2005,17154.871
Colombia,2006,16680.884
Colombia,2007,17076.484
Colombia,2008,17425.685
Costa Rica,1980,724.708
Costa Rica,1981,726.227
Costa Rica,1982,759.879
Costa Rica,1983,767.596
Costa Rica,1984,818.703
Costa Rica,1985,826.698
Costa Rica,1986,854.218
Costa Rica,1987,923.31
Costa Rica,1988,951.19
Costa Rica,1989,987.04
Costa Rica,1990,1017.151
Costa Rica,1991,1006.646
Costa Rica,1992,1042.957
Costa Rica,1993,1096.435
Costa Rica,1994,1137.588
Costa Rica,1995,1168.055
Costa Rica,1996,2290.042
Costa Rica,1997,1227.333
Costa Rica,1998,1300.005
Costa Rica,1999,1300.146
Costa Rica,2000,1318.625
Costa Rica,2001,1552.924
Costa Rica,2002,1586.491
Costa Rica,2003,1640.387
Costa Rica,2004,1653.879
Costa Rica,2005,1776.903
Costa Rica,2006,1829.928
Costa Rica,2007,1925.7
Costa Rica,2008,1957.708
Croatia,1996,1540.319
Croatia,1997,1593.008
Croatia,1998,1543.805
Croatia,1999,1491.613
Croatia,2000,1553
Croatia,2001,3023.143
Croatia,2002,1527.2
Croatia,2003,1536.4
Croatia,2004,1562.7
Croatia,2005,1572.9
Croatia,2006,1586.4
Croatia,2007,1614.4
Croatia,2008,1635.6
Cuba,1995,4174.926
Cuba,1996,4215.31
Cuba,1997,4240.157
Cuba,1998,4288.167
Cuba,1999,4359.378
Cuba,2000,4379.274
Cuba,2001,4505.09
Cuba,2002,4558.223
Cuba,2003,4606.952
Cuba,2004,4641.706
Cuba,2005,4722.5
Cuba,2006,4754.6
Cuba,2007,4867.7
Cuba,2008,4948.2
Cyprus,1976,151.7
Cyprus,1977,168.6
Cyprus,1978,176.1
Cyprus,1979,184.4
Cyprus,1980,192.5
Cyprus,1981,198.3
Cyprus,1982,201.6
Cyprus,1983,206.5
Cyprus,1984,214.1
Cyprus,1985,221.8
Cyprus,1986,224.1
Cyprus,1987,231
Cyprus,1988,241.5
Cyprus,1989,250.9
Cyprus,1990,257.2
Cyprus,1991,258
Cyprus,1992,269.3
Cyprus,1993,268.7
Cyprus,1994,274.3
Cyprus,1995,285.1
Cyprus,1999,279.223
Cyprus,2000,288.602
Cyprus,2001,309.5
Cyprus,2002,315.3
Cyprus,2003,327.094
Cyprus,2004,338
Cyprus,2005,348.031
Cyprus,2006,357.281
Cyprus,2007,377.948
Cyprus,2008,382.852
Czech Republic,1993,4874
Czech Republic,1994,4927
Czech Republic,1995,4963
Czech Republic,1996,4972
Czech Republic,1997,4937
Czech Republic,1998,4866
Czech Republic,1999,4764
Czech Republic,2000,4732
Czech Republic,2001,4728
Czech Republic,2002,4765
Czech Republic,2003,4733
Czech Republic,2004,4707
Czech Republic,2005,4764
Czech Republic,2006,4828
Czech Republic,2007,4922
Czech Republic,2008,5002.497
Czechoslovakia,1976,7533
Czechoslovakia,1977,7584
Czechoslovakia,1978,7639
Czechoslovakia,1979,15817
Czechoslovakia,1980,15902
Czechoslovakia,1981,15932
Czechoslovakia,1982,15941
Czechoslovakia,1983,15971
Czechoslovakia,1984,16072
Czechoslovakia,1985,16203
Czechoslovakia,1986,16323
Czechoslovakia,1987,16381
Czechoslovakia,1988,16460
Czechoslovakia,1989,8431
Czechoslovakia,1990,8249
Czechoslovakia,1991,7710
Denmark,1972,2355.4
Denmark,1973,2385.2
Denmark,1974,2354.6
Denmark,1975,2332.2
Denmark,1976,2391.6
Denmark,1977,2413.9
Denmark,1978,2473
Denmark,1979,2438.7
Denmark,1981,2368.7
Denmark,1983,2389.3
Denmark,1984,2488.4
Denmark,1985,2553.4
Denmark,1986,2662.5
Denmark,1987,2678.7
Denmark,1988,2694.9
Denmark,1989,2645.3
Denmark,1990,2670
Denmark,1991,5297.294
Denmark,1992,2652.2
Denmark,1993,2584.1
Denmark,1994,2554.923
Denmark,1995,2609.747
Denmark,1996,2627.261
Denmark,1997,2681.984
Denmark,1998,2692.369
Denmark,2000,2722.05
Denmark,2001,2725.134
Denmark,2002,2715.277
Denmark,2003,5433.846
Denmark,2004,2720.109
Denmark,2005,2732.758
Denmark,2006,2786.593
Denmark,2007,2778.649
Denmark,2008,2827.429
Dominica,1989,46.9
Dominica,1991,23.823
Dominica,1997,25.694
Dominica,1999,28.022
Dominica,2001,24.811
Dominican Republic,1976,216.715
Dominican Republic,1978,274.566
Dominican Republic,1991,2251.709
Dominican Republic,1992,2406.398
Dominican Republic,1993,2416.649
Dominican Republic,1994,2400.587
Dominican Republic,1995,2400.681
Dominican Republic,1996,4994.901
Dominican Republic,1997,5304
Dominican Republic,1998,2889
Dominican Republic,1999,2979.5
Dominican Republic,2000,3041.1
Dominican Republic,2001,3001.7
Dominican Republic,2002,3105.5
Dominican Republic,2003,3098.443
Dominican Republic,2004,3212.83
Dominican Republic,2005,3279.142
Dominican Republic,2006,3469.947
Dominican Republic,2007,3550.874
Ecuador,1988,2067.4
Ecuador,1989,2192.32
Ecuador,1990,2330.51
Ecuador,1991,2562.43
Ecuador,1992,2693.34
Ecuador,1993,2650.82
Ecuador,1994,2697.5
Ecuador,1995,2891.65
Ecuador,1996,2888.9
Ecuador,1997,3062.19
Ecuador,1998,3151.2
Ecuador,1999,3226.128
Ecuador,2000,3376.122
Ecuador,2001,3673.237
Ecuador,2002,3459.371
Ecuador,2003,3531.194
Ecuador,2004,3858.549
Ecuador,2005,3891.861
Ecuador,2006,4031.624
Egypt,1970,8044.2
Egypt,1971,8252.5
Egypt,1972,8682
Egypt,1973,8567.3
Egypt,1974,8867.3
Egypt,1975,9030.7
Egypt,1977,9198.2
Egypt,1978,9448
Egypt,1979,9565.3
Egypt,1980,9799.1
Egypt,1981,9945.7
Egypt,1982,10114.6
Egypt,1983,11526
Egypt,1984,11818.6
Egypt,1989,14925.7
Egypt,1990,14361.4
Egypt,1991,13826.8
Egypt,1992,14398.8
Egypt,1993,14703.4
Egypt,1994,15241.4
Egypt,1995,15344.2
Egypt,1996,15768.22
Egypt,1997,15830
Egypt,1998,16183
Egypt,1999,16750.2
Egypt,2000,17203.3
Egypt,2001,17556.7
Egypt,2002,17856.2
Egypt,2003,18118.6
Egypt,2004,18717.4
Egypt,2005,19341.7
Egypt,2006,20443.6
Egypt,2007,21723.8
El Salvador,1975,1220.3
El Salvador,1978,1376.5
El Salvador,1979,1440.242
El Salvador,1980,1387
El Salvador,1985,1373.2
El Salvador,1986,299.25
El Salvador,1988,716.5
El Salvador,1989,790.1
El Salvador,1990,884.9
El Salvador,1991,890.3
El Salvador,1992,1781.582
El Salvador,1994,1951
El Salvador,1995,1973.017
El Salvador,1996,2056.4
El Salvador,1997,2076
El Salvador,1998,4389.362
El Salvador,1999,2182.521
El Salvador,2000,2198.938
El Salvador,2001,2275.169
El Salvador,2002,2219.603
El Salvador,2003,2280.654
El Salvador,2004,2253.645
El Salvador,2005,2283.552
El Salvador,2006,2337.091
El Salvador,2007,2419.157
Equatorial Guinea,1983,77.8
Estonia,1989,837.9
Estonia,1990,826.4
Estonia,1991,806.6
Estonia,1992,761.4
Estonia,1993,698.5
Estonia,1994,675.4
Estonia,1995,633.4
Estonia,1996,619.3
Estonia,1997,617.2
Estonia,1998,606.5
Estonia,1999,579.3
Estonia,2000,572.5
Estonia,2001,577.7
Estonia,2002,585.5
Estonia,2003,594.3
Estonia,2004,595.5
Estonia,2005,607.4
Estonia,2006,646.3
Estonia,2007,655.3
Estonia,2008,656.5
Ethiopia,1994,25883.19
Ethiopia,2004,2854.321
Ethiopia,2005,31795.89
Ethiopia,2006,3836.81
Faeroe Islands,2005,27
Fiji,1982,193.9
Finland,1970,2126
Finland,1971,2123
Finland,1972,2118
Finland,1973,2265
Finland,1974,2326
Finland,1975,2312
Finland,1976,2312
Finland,1977,2266
Finland,1978,2232
Finland,1979,2289
Finland,1980,2359
Finland,1981,2385
Finland,1982,2407
Finland,1983,2419
Finland,1984,2442
Finland,1985,2466
Finland,1986,2458
Finland,1987,2452
Finland,1988,2458
Finland,1989,5025
Finland,1990,5013
Finland,1991,4768
Finland,1992,4432
Finland,1993,4163
Finland,1994,4126
Finland,1995,6152.752
Finland,1996,2158
Finland,1997,2194
Finland,1998,2247
Finland,1999,2317
Finland,2000,2356
Finland,2001,2388
Finland,2002,2393
Finland,2003,2385
Finland,2004,2387
Finland,2005,2421
Finland,2006,2466
Finland,2007,2512
Finland,2008,2553
France,1969,20321.7
France,1970,20611.6
France,1971,20735.9
France,1972,20867.7
France,1973,21158.2
France,1974,21353.5
France,1975,21164.3
France,1976,21321.3
France,1977,21492.9
France,1978,21567.4
France,1979,21696.4
France,1980,21747.3
France,1981,21644.2
France,1982,21710.4
France,1983,21693.7
France,1984,21509
France,1985,21450.4
France,1986,21550.6
France,1987,21631.3
France,1988,21829.5
France,1989,22146.2
France,1990,22396.4
France,1991,22442
France,1992,22307.6
France,1993,22078.2
France,1994,22110
France,2003,24695.8
France,2004,24800.3
France,2005,24978
France,2006,25133.5
France,2007,25565.2
France,2008,51826.4
French Polynesia,2002,87.843
Gabon,1993,308.322
Georgia,1998,1731.1
Georgia,1999,1732.6
Georgia,2000,1839.3
Georgia,2001,1877.7
Georgia,2002,1839.2
Georgia,2003,1814.5
Georgia,2004,1783.3
Georgia,2005,1744.6
Georgia,2006,1747.3
Georgia,2007,1704.3
Germany,1991,74861
Germany,1992,73845
Germany,1993,72859
Germany,1994,72398
Germany,1995,72285
Germany,1996,35982
Germany,1997,35805
Germany,1998,35860
Germany,1999,36402
Germany,2000,36604
Germany,2001,36816
Germany,2002,36536
Germany,2003,36172
Germany,2004,35659
Germany,2005,36566
Germany,2006,37322
Germany,2007,38163
Germany,2008,38734
"Germany, Fed. Rep. of before 3.10.1990",1972,26214
"Germany, Fed. Rep. of before 3.10.1991",1973,26411
"Germany, Fed. Rep. of before 3.10.1992",1974,26038
"Germany, Fed. Rep. of before 3.10.1993",1975,25285
"Germany, Fed. Rep. of before 3.10.1994",1976,50811
"Germany, Fed. Rep. of before 3.10.1995",1977,50898
"Germany, Fed. Rep. of before 3.10.1996",1978,51190
"Germany, Fed. Rep. of before 3.10.1997",1979,51863
"Germany, Fed. Rep. of before 3.10.1998",1980,52671
"Germany, Fed. Rep. of before 3.10.1999",1981,52557
"Germany, Fed. Rep. of before 3.10.2000",1982,51951
"Germany, Fed. Rep. of before 3.10.2001",1983,51270
"Germany, Fed. Rep. of before 3.10.2002",1984,52477
"Germany, Fed. Rep. of before 3.10.2003",1985,52688
"Germany, Fed. Rep. of before 3.10.2004",1986,53371
"Germany, Fed. Rep. of before 3.10.2005",1987,53709
"Germany, Fed. Rep. of before 3.10.2006",1988,54206
"Germany, Fed. Rep. of before 3.10.2007",1989,54950
"Germany, Fed. Rep. of before 3.10.2008",1990,29334
"Germany, Fed. Rep. of before 3.10.2009",1991,29684
"Germany, Fed. Rep. of before 3.10.2010",1992,30094
"Germany, Fed. Rep. of before 3.10.2011",1993,29782
"Germany, Fed. Rep. of before 3.10.2012",1994,29397
"Germany, The former German Dem. Rep.",1991,14993
"Germany, The former German Dem. Rep.",1992,13355
"Germany, The former German Dem. Rep.",1993,12922
"Germany, The former German Dem. Rep.",1994,13097
Gibraltar,1998,12.773
Gibraltar,1999,12.936
Gibraltar,2000,13.381
Gibraltar,2001,13.931
Gibraltar,2002,14.266
Gibraltar,2003,15.419
Gibraltar,2004,15.994
Gibraltar,2005,16.874
Gibraltar,2006,18.485
Gibraltar,2007,19.696
Greece,1981,3531
Greece,1982,3501.8
Greece,1983,3540.2
Greece,1984,3553
Greece,1985,3588.7
Greece,1986,3600.8
Greece,1987,3597.4
Greece,1988,3657.2
Greece,1989,3670.9
Greece,1990,3719.1
Greece,1991,3632.4
Greece,1992,3684.5
Greece,1993,3720.179
Greece,1994,3789.609
Greece,1995,3823.809
Greece,1996,3871.923
Greece,1997,3854.055
Greece,1998,4023.7
Greece,1999,4040.4
Greece,2000,4097.9
Greece,2001,4103.2
Greece,2002,4190.2
Greece,2003,4286.6
Greece,2004,4330.5
Greece,2005,4382.1
Greece,2006,4452.8
Greece,2007,4520
Greece,2008,4582.544
Grenada,1988,28.022
Grenada,1994,30.41
Grenada,1996,35.08
Grenada,1998,34.789
Guadeloupe,1974,83.4
Guadeloupe,1975,84.1
Guadeloupe,1976,80.9
Guadeloupe,1977,83.9
Guadeloupe,1978,83.9
Guadeloupe,1980,81.4
Guadeloupe,1982,86.4
Guatemala,1981,2135.8
Guatemala,1982,2227.8
Guatemala,1987,2644.288
Guatemala,1989,2840.36
Guatemala,1990,650.4
Guatemala,1991,681.4
Guatemala,2006,5390.51
Guyana,1997,239.847
Guyana,2002,239.61
Haiti,1969,1916.69
Haiti,1970,1928.624
Haiti,1971,1940.223
Haiti,1972,1951.891
Haiti,1973,1963.63
Haiti,1974,1975.439
Haiti,1975,1987.319
Haiti,1976,1883.525
Haiti,1977,1894.449
Haiti,1978,1904.164
Haiti,1979,1913.682
Haiti,1980,1953.6
Haiti,1981,1984.9
Haiti,1982,1869.45
Haiti,1983,1877.88
Haiti,1988,1788.46
Haiti,1990,2339.46
Honduras,1970,777.9
Honduras,1971,800.1
Honduras,1972,822.7
Honduras,1973,847.5
Honduras,1974,874.8
Honduras,1975,904.7
Honduras,1976,936.5
Honduras,1977,970.5
Honduras,1978,1006.7
Honduras,1979,1005.9
Honduras,1980,996.3
Honduras,1981,1010.2
Honduras,1982,1049.8
Honduras,1983,956.3
Honduras,1985,280.662
Honduras,1986,406.034
Honduras,1987,391.349
Honduras,1990,1212.946
Honduras,1991,1494.449
Honduras,1992,1674.65
Honduras,1995,1806.454
Honduras,1996,1985.023
Honduras,1997,2088.476
Honduras,1998,2134.922
Honduras,1999,2299.005
Honduras,2001,2288.691
Honduras,2002,2351.078
Honduras,2003,2426.149
Honduras,2004,2438.954
Honduras,2005,2543.495
Honduras,2006,2724.364
Honduras,2007,2836.099
"Hong Kong, China",1978,2002.8
"Hong Kong, China",1979,2084.1
"Hong Kong, China",1980,2237.8
"Hong Kong, China",1981,2411.1
"Hong Kong, China",1982,2407.1
"Hong Kong, China",1983,2426.7
"Hong Kong, China",1984,2505.2
"Hong Kong, China",1985,2543.3
"Hong Kong, China",1986,2623.7
"Hong Kong, China",1987,2680.8
"Hong Kong, China",1988,2725
"Hong Kong, China",1989,2723.1
"Hong Kong, China",1990,2711.5
"Hong Kong, China",1991,2753.7
"Hong Kong, China",1992,2737.6
"Hong Kong, China",1993,2800.1
"Hong Kong, China",1994,2872.8
"Hong Kong, China",1995,2905.1
"Hong Kong, China",1996,3073.3
"Hong Kong, China",1997,3163.6
"Hong Kong, China",1998,3122
"Hong Kong, China",1999,3112.1
"Hong Kong, China",2000,3207.3
"Hong Kong, China",2001,3252.9
"Hong Kong, China",2002,3218.4
"Hong Kong, China",2003,3190.6
"Hong Kong, China",2004,3273.5
"Hong Kong, China",2005,3336.6
"Hong Kong, China",2006,3400.8
"Hong Kong, China",2007,3483.8
"Hong Kong, China",2008,3518.8
Hungary,1969,4933.7
Hungary,1970,4995.3
Hungary,1971,5024.4
Hungary,1972,5049.9
Hungary,1973,5067.4
Hungary,1974,5079.6
Hungary,1975,5089.4
Hungary,1976,5087.2
Hungary,1977,5075
Hungary,1978,5074.9
Hungary,1979,5077.3
Hungary,1980,5044.1
Hungary,1981,5256
Hungary,1982,5223.4
Hungary,1983,5183.6
Hungary,1984,5147.3
Hungary,1985,5121
Hungary,1986,5111.2
Hungary,1987,5092.8
Hungary,1988,5069.7
Hungary,1989,5051.8
Hungary,1990,4980.1
Hungary,1991,4712.1
Hungary,1992,8399.2
Hungary,1993,3827.3
Hungary,1994,3751.5
Hungary,1995,3678.8
Hungary,1996,3648.1
Hungary,1997,3646.3
Hungary,1998,3697.7
Hungary,1999,3811.5
Hungary,2000,3849.1
Hungary,2001,3859.5
Hungary,2002,3870.6
Hungary,2003,3921.9
Hungary,2004,3900.4
Hungary,2005,3901.5
Hungary,2006,3930.1
Hungary,2007,3926.2
Hungary,2008,3879.4
Iceland,1991,136.9
Iceland,1992,136.9
Iceland,1993,136.6
Iceland,1994,137.7
Iceland,1995,141.8
Iceland,1996,142
Iceland,1997,142
Iceland,1998,147.9
Iceland,1999,153.3
Iceland,2000,156.4
Iceland,2001,159
Iceland,2002,156.7
Iceland,2003,156.9
Iceland,2004,156.1
Iceland,2005,161.3
Iceland,2006,169.6
Iceland,2007,177.2
Iceland,2008,178.6
Indonesia,1976,53443.668
Indonesia,1977,48314.664
Indonesia,1978,51780.4
Indonesia,1979,51004.4
Indonesia,1980,51554
Indonesia,1982,57802.801
Indonesia,1985,62457.1
Indonesia,1986,68338.2
Indonesia,1987,70402.443
Indonesia,1988,72518.1
Indonesia,1989,73424.9
Indonesia,1990,75850.6
Indonesia,1991,76423.2
Indonesia,1992,78104.1
Indonesia,1993,79201
Indonesia,1994,82037
Indonesia,1995,80110
Indonesia,1996,85701.813
Indonesia,1997,87050
Indonesia,1998,87673.6
Indonesia,1999,89838
Indonesia,2000,179675.73
Indonesia,2001,181614.417
Indonesia,2002,183294.166
Indonesia,2003,185621.791
Indonesia,2004,187444.036
Indonesia,2005,187916.387
Indonesia,2006,190913.935
Indonesia,2007,99930
Indonesia,2008,102553
"Iran, Islamic Rep. of",1982,5025.149
"Iran, Islamic Rep. of",1996,14571.572
"Iran, Islamic Rep. of",2005,20619
"Iran, Islamic Rep. of",2006,20841.42
"Iran, Islamic Rep. of",2007,21092.477
"Iran, Islamic Rep. of",2008,20500
Ireland,1983,1124
Ireland,1984,1103.4
Ireland,1985,1076.3
Ireland,1986,2176
Ireland,1987,2198.1
Ireland,1988,2201.9
Ireland,1989,2200.9
Ireland,1990,2285.7
Ireland,1991,2281
Ireland,1992,1165.2
Ireland,1993,1183.2
Ireland,1994,1220.6
Ireland,1995,1281.7
Ireland,1996,1328.5
Ireland,1997,1380
Ireland,1998,1494.4
Ireland,1999,1591.1
Ireland,2000,1670.7
Ireland,2001,1716.5
Ireland,2002,1760.6
Ireland,2003,1790.1
Ireland,2004,1834.6
Ireland,2005,1931.6
Ireland,2006,2021.1
Ireland,2007,2101.6
Ireland,2008,2108.5
Isle of Man,2001,39.05
Isle of Man,2006,40.783
Israel,1969,945.8
Israel,1970,963.2
Israel,1971,997.1
Israel,1972,1047
Israel,1973,1094.4
Israel,1974,1096.5
Israel,1975,1112.5
Israel,1976,1126.8
Israel,1977,1159.2
Israel,1978,1212.6
Israel,1979,1240.6
Israel,1980,1254.5
Israel,1981,1279.9
Israel,1982,1298.3
Israel,1983,1339.4
Israel,1984,1359
Israel,1985,1349.4
Israel,1986,1367.9
Israel,1987,1403.7
Israel,1988,1453.1
Israel,1989,1460.8
Israel,1990,1491.5
Israel,1991,1583.2
Israel,1992,1650
Israel,1993,1751.2
Israel,1994,1871.4
Israel,1995,1965
Israel,1996,2012.7
Israel,1997,2040.2
Israel,1998,2072.4
Israel,1999,2136.6004
Israel,2000,2221.2235
Israel,2001,2264.9443
Israel,2002,2284.3452
Israel,2003,2330.1887
Israel,2004,2400.7863
Israel,2005,2493.649
Israel,2006,2573.6189
Israel,2007,2681.9668
Israel,2008,2776.6713
Italy,1977,20145
Italy,1978,20217
Italy,1979,20406
Italy,1980,20674
Italy,1981,20725
Italy,1982,20668
Italy,1983,20725
Italy,1984,20809
Italy,1985,20894
Italy,1986,21006
Italy,1987,20986
Italy,1988,21253
Italy,1989,21154
Italy,1990,21454
Italy,1991,21595
Italy,1992,21609
Italy,1993,20705
Italy,1994,40375
Italy,1995,20233
Italy,1996,20320
Italy,1997,20413
Italy,1998,20618
Italy,1999,20864
Italy,2000,21225
Italy,2001,21634
Italy,2002,21922
Italy,2003,22133
Italy,2004,22404
Italy,2005,22563
Italy,2006,22988
Italy,2007,23221.837
Italy,2008,23404.689
Jamaica,1974,650.6
Jamaica,1975,667.45
Jamaica,1976,669.1
Jamaica,1977,675.55
Jamaica,1978,692.4
Jamaica,1979,681.3
Jamaica,1980,698.5
Jamaica,1981,730.3
Jamaica,1982,731.35
Jamaica,1983,742.35
Jamaica,1984,778.95
Jamaica,1985,781.65
Jamaica,1986,820.6
Jamaica,1987,845.4
Jamaica,1988,871.8
Jamaica,1989,881.1
Jamaica,1990,893.5
Jamaica,1991,907.9
Jamaica,1992,1813.1
Jamaica,1993,906.3
Jamaica,1994,923.1
Jamaica,1995,963.3
Jamaica,1996,959.8
Jamaica,1997,956.3
Jamaica,1998,954.3
Jamaica,1999,936.8
Jamaica,2000,935.6
Jamaica,2001,942.3
Jamaica,2002,1025.9
Jamaica,2003,1056.5
Jamaica,2004,1058.7
Jamaica,2005,1091.7
Jamaica,2006,1129.5
Jamaica,2007,1170.2
Jamaica,2008,1167.8
Japan,1969,50400
Japan,1970,50940
Japan,1971,51210
Japan,1972,51260
Japan,1973,52590
Japan,1974,52370
Japan,1975,52230
Japan,1976,52710
Japan,1977,53420
Japan,1978,54080
Japan,1979,54790
Japan,1980,55360
Japan,1981,55810
Japan,1982,56380
Japan,1983,57330
Japan,1984,57660
Japan,1985,58070
Japan,1986,58530
Japan,1987,59110
Japan,1988,60110
Japan,1989,61280
Japan,1990,62490
Japan,1991,63690
Japan,1992,64360
Japan,1993,64500
Japan,1994,64530
Japan,1995,64570
Japan,1996,64860
Japan,1997,65570
Japan,1998,65140
Japan,1999,64620
Japan,2000,64460
Japan,2001,64120
Japan,2002,63300
Japan,2003,63160
Japan,2004,63290
Japan,2005,63560
Japan,2006,63820
Japan,2007,64120
Japan,2008,63850
Jersey,1996,39.84
Jersey,1997,42.47
Jersey,1998,43.31
Jersey,1999,42.28
Jersey,2000,92.3
Jersey,2001,92.73
Jersey,2002,92.78
Jersey,2003,91.24
Jersey,2004,90.98
Jersey,2005,92.17
Jersey,2006,94.47
Jersey,2007,97.08
Jersey,2008,53.54
Kazakhstan,1999,4179.052
Kazakhstan,2001,6698.8
Kazakhstan,2002,6708.9
Kazakhstan,2003,6985.2
Kazakhstan,2004,7181.8
Kazakhstan,2005,7261
Kazakhstan,2006,7403.5
Kazakhstan,2007,7631.1
Kazakhstan,2008,7857.2
Kiribati,2000,9.2
"Korea, Republic of",1969,9414
"Korea, Republic of",1970,9745
"Korea, Republic of",1971,10066
"Korea, Republic of",1972,10559
"Korea, Republic of",1973,11139
"Korea, Republic of",1974,11586
"Korea, Republic of",1975,11830
"Korea, Republic of",1976,12556
"Korea, Republic of",1977,12929
"Korea, Republic of",1978,13490
"Korea, Republic of",1979,13664
"Korea, Republic of",1980,13683
"Korea, Republic of",1981,14023
"Korea, Republic of",1982,14379
"Korea, Republic of",1983,14505
"Korea, Republic of",1984,14429
"Korea, Republic of",1985,14970
"Korea, Republic of",1986,15505
"Korea, Republic of",1987,16354
"Korea, Republic of",1988,16870
"Korea, Republic of",1989,17560
"Korea, Republic of",1990,18085
"Korea, Republic of",1991,18677
"Korea, Republic of",1992,37994
"Korea, Republic of",1993,38581
"Korea, Republic of",1994,39742
"Korea, Republic of",1995,20432
"Korea, Republic of",1996,20817
"Korea, Republic of",1997,21106
"Korea, Republic of",1998,19994
"Korea, Republic of",1999,20281
"Korea, Republic of",2000,39612.147
"Korea, Republic of",2001,21572
"Korea, Republic of",2002,22169
"Korea, Republic of",2003,22139
"Korea, Republic of",2004,22557
"Korea, Republic of",2005,22856.1
"Korea, Republic of",2006,23150.8
"Korea, Republic of",2007,23432.757
Kuwait,1983,491.878
Kuwait,1988,718.848
Kuwait,2005,1125.863
Kyrgyzstan,1986,1651.1
Kyrgyzstan,1987,1702.7
Kyrgyzstan,1988,1716.1
Kyrgyzstan,1989,1738.9
Kyrgyzstan,1990,1747.9
Kyrgyzstan,1991,1754.1
Kyrgyzstan,1992,1835.9
Kyrgyzstan,1993,1680.6
Kyrgyzstan,1994,1645.4
Kyrgyzstan,1995,1641.7
Kyrgyzstan,1996,1651.5
Kyrgyzstan,1997,1689.3
Kyrgyzstan,1998,1704.9
Kyrgyzstan,1999,1764.3
Kyrgyzstan,2000,1768.4
Kyrgyzstan,2001,1787
Kyrgyzstan,2002,3657.2
Kyrgyzstan,2003,3767.5
Kyrgyzstan,2004,3871.1
Kyrgyzstan,2005,4008.9
Kyrgyzstan,2006,2096.1
Kyrgyzstan,2007,2152.7
Latvia,1996,948.7
Latvia,1997,990.2
Latvia,1998,986.1
Latvia,1999,968.5
Latvia,2000,941.1
Latvia,2001,962.1
Latvia,2002,989
Latvia,2003,1006.9
Latvia,2004,1017.7
Latvia,2005,1035.9
Latvia,2006,1087.6
Latvia,2007,1119
Latvia,2008,1124.13236
Lesotho,1996,440.455
Lesotho,1999,617.566
Libyan Arab Jamahiriya,1971,459
Libyan Arab Jamahiriya,1972,488
Libyan Arab Jamahiriya,1973,538.1
Libyan Arab Jamahiriya,1974,607.2
Libyan Arab Jamahiriya,1975,677.1
Libyan Arab Jamahiriya,1976,732.7
Libyan Arab Jamahiriya,1977,765
Libyan Arab Jamahiriya,1978,773.2
Libyan Arab Jamahiriya,1980,812.8
Libyan Arab Jamahiriya,1983,1158
Libyan Arab Jamahiriya,1985,1061.8
Libyan Arab Jamahiriya,1986,904.7
Lithuania,1997,1570.7
Lithuania,1998,1489.4
Lithuania,1999,1456.5
Lithuania,2000,1397.8
Lithuania,2001,2625.62
Lithuania,2002,1405.9
Lithuania,2003,1438
Lithuania,2004,1436.3
Lithuania,2005,1473.9
Lithuania,2006,1499
Lithuania,2007,1534.2
Lithuania,2008,1520.028488
Luxembourg,1970,139.9
Luxembourg,1971,144.5
Luxembourg,1972,148.3
Luxembourg,1973,151.4
Luxembourg,1974,155.6
Luxembourg,1975,157.5
Luxembourg,1976,157.3
Luxembourg,1977,157.2
Luxembourg,1978,156.3
Luxembourg,1979,157.1
Luxembourg,1980,158.2
Luxembourg,1981,158.7
Luxembourg,1982,158.3
Luxembourg,1983,157.8
Luxembourg,1984,158.7
Luxembourg,1985,160.9
Luxembourg,1986,165.1
Luxembourg,1987,169.6
Luxembourg,1988,174.9
Luxembourg,1989,181.9
Luxembourg,1990,189.6
Luxembourg,1994,208.3
Luxembourg,1995,215.5
Luxembourg,1996,221
Luxembourg,1997,227.8
Luxembourg,1998,238
Luxembourg,1999,249.9
Luxembourg,2000,263.8
Luxembourg,2001,278.4
Luxembourg,2002,286.5
Luxembourg,2003,291.8
Luxembourg,2004,298.5
Luxembourg,2005,307.3
Luxembourg,2006,319.1
Luxembourg,2007,333.2
Luxembourg,2008,348.7
"Macau, China",1989,161.988
"Macau, China",1990,163.282
"Macau, China",1991,363.504
"Macau, China",1992,169.182
"Macau, China",1993,171.352
"Macau, China",1994,172.969
"Macau, China",1995,180.348
"Macau, China",1996,193.8
"Macau, China",1997,195.8
"Macau, China",1998,196.5
"Macau, China",1999,196.1
"Macau, China",2000,195.3
"Macau, China",2001,205
"Macau, China",2002,204.9
"Macau, China",2003,205.4
"Macau, China",2004,219.1
"Macau, China",2005,237.5
"Macau, China",2006,265.1
"Macau, China",2007,300.4
"Macau, China",2008,323
"Macedonia, The former Yugoslav Rep. of",2002,1021.885
"Macedonia, The former Yugoslav Rep. of",2003,545.108
"Macedonia, The former Yugoslav Rep. of",2004,522.995
"Macedonia, The former Yugoslav Rep. of",2005,545.253
"Macedonia, The former Yugoslav Rep. of",2006,570.404
"Macedonia, The former Yugoslav Rep. of",2007,590.234
"Macedonia, The former Yugoslav Rep. of",2008,609.015
Madagascar,2003,8098.518
Madagascar,2005,9570.397
Malaysia,1980,4787.4
Malaysia,1981,5067.1
Malaysia,1982,5249
Malaysia,1983,5457
Malaysia,1984,5566.7
Malaysia,1985,5653.3
Malaysia,1986,5760.1
Malaysia,1987,5983.8
Malaysia,1988,6175.8
Malaysia,1989,6390.9
Malaysia,1990,6685
Malaysia,1991,6158.346
Malaysia,1992,7047.8
Malaysia,1993,7383.4
Malaysia,1995,7645
Malaysia,1996,8399.5
Malaysia,1997,8569.2
Malaysia,1998,8599.6
Malaysia,1999,8837.8
Malaysia,2000,9321.7
Malaysia,2001,9357
Malaysia,2002,9542.6
Malaysia,2003,9869.7
Malaysia,2004,9979.5
Malaysia,2005,10045.4
Malaysia,2006,10275.4
Malaysia,2007,10538.1
Malaysia,2008,10659.6
Malaysia,1975,2055.5
Malaysia,1976,2188.4
Malaysia,1977,2239.5
Malaysia,1978,2477.8
Malaysia,1979,6743.3
Malaysia,1980,6667.7
Maldives,1990,55.949
Maldives,1995,66.945
Maldives,2000,86.245
Maldives,2006,110.231
Mali,2004,2370.754
Malta,2000,145.203
Malta,2001,145.587
Malta,2002,148.403
Malta,2003,147.042
Malta,2004,148.618
Malta,2005,148.5
Malta,2006,152.478
Malta,2007,155.515
Malta,2008,160.979
Marshall Islands,1999,10.141
Martinique,1990,110.117
Mauritius,1990,407.618
Mauritius,1995,436.312
Mauritius,2000,952.19
Mauritius,2001,493.6
Mauritius,2002,493.8
Mauritius,2003,500.4
Mauritius,2004,991.5
Mauritius,2005,997.6
Mauritius,2006,1014.4
Mauritius,2007,1025.8
Mauritius,2008,1062
Mexico,1974,15946.401
Mexico,1975,16597.36
Mexico,1976,17301.088
Mexico,1977,18042.729
Mexico,1978,18826.237
Mexico,1979,19650.695
Mexico,1988,28128
Mexico,1990,23403.413
Mexico,1991,61068.1
Mexico,1993,65665.4
Mexico,1995,32652.2
Mexico,1996,33968.6
Mexico,1997,35924.8
Mexico,1998,36871.7
Mexico,1999,37279.9
Mexico,2000,71774.71
Mexico,2001,38065.8
Mexico,2002,38939.7
Mexico,2003,39221.5
Mexico,2004,40561
Mexico,2005,40791.8
Mexico,2006,42197.8
Mexico,2007,42906.7
Mexico,2008,43866.7
"Moldova, Republic of",1981,2069
"Moldova, Republic of",1982,2067
"Moldova, Republic of",1983,2076
"Moldova, Republic of",1984,2074
"Moldova, Republic of",1985,2080
"Moldova, Republic of",1986,2082
"Moldova, Republic of",1987,2085
"Moldova, Republic of",1988,2067
"Moldova, Republic of",1989,2091
"Moldova, Republic of",1990,2071
"Moldova, Republic of",1991,2070
"Moldova, Republic of",1992,2050
"Moldova, Republic of",1993,1688
"Moldova, Republic of",1994,1681
"Moldova, Republic of",1995,1673
"Moldova, Republic of",1996,3320
"Moldova, Republic of",1997,3292
"Moldova, Republic of",1998,3284
"Moldova, Republic of",1999,1494.4
"Moldova, Republic of",2000,1514.6
"Moldova, Republic of",2001,1498.98
"Moldova, Republic of",2002,1505.1
"Moldova, Republic of",2003,1356.5
"Moldova, Republic of",2004,1316
"Moldova, Republic of",2005,1318.7
"Moldova, Republic of",2006,1257.3
"Moldova, Republic of",2007,1247.2
"Moldova, Republic of",2008,1251
Mongolia,1993,765.4
Mongolia,1994,759.8
Mongolia,1995,767.6
Mongolia,1996,769.6
Mongolia,1997,765.1
Mongolia,1998,792.6
Mongolia,1999,813.6
Mongolia,2000,809
Mongolia,2001,832.3
Mongolia,2002,870.8
Mongolia,2003,926.5
Mongolia,2004,950.5
Mongolia,2005,968.3
Mongolia,2006,1009.9
Mongolia,2007,1024.1
Mongolia,2008,1041.7
Montenegro,2003,171.887
Montenegro,2005,178.815
Montserrat,1975,4.046
Montserrat,1976,4.044
Montserrat,1977,4.001
Montserrat,1978,4.143
Montserrat,1979,4.419
Montserrat,1980,4.574
Montserrat,1981,4.664
Montserrat,1982,4.753
Montserrat,1983,4.743
Montserrat,1984,4.9
Montserrat,1985,5.05
Montserrat,1986,5.054
Montserrat,1987,5.209
Montserrat,1991,4.52
Morocco,1990,3293.965
Morocco,1991,3399.913
Morocco,1992,3494.271
Morocco,1993,3659.319
Morocco,1994,7000.411
Morocco,1995,3870.352
Morocco,1996,4033.881
Morocco,1997,4223.799
Morocco,1998,4168.378
Morocco,1999,4174.456
Morocco,2000,4198.8
Morocco,2001,4371.8
Morocco,2002,14028.549
Morocco,2003,14293.572
Morocco,2004,9821.897
Morocco,2005,9913.296
Morocco,2006,9927.728
Morocco,2007,10056.249
Morocco,2008,10189.321
Myanmar,1978,12640
Myanmar,1979,12935
Myanmar,1980,13208
Myanmar,1981,13515
Myanmar,1982,13790
Myanmar,1983,14185
Myanmar,1984,14497
Myanmar,1985,14792
Myanmar,1986,15130
Myanmar,1987,15505
Myanmar,1988,15813
Myanmar,1989,16036
Myanmar,1990,15221
Myanmar,1992,15737
Myanmar,1993,16469
Myanmar,1994,16817
Myanmar,1997,17964
Myanmar,1998,18359
Namibia,2000,431.849
Namibia,2004,385.329
Nepal,1999,9463
Nepal,2001,9900.196
Netherlands,1969,4493
Netherlands,1970,4554
Netherlands,1971,4581
Netherlands,1972,4538
Netherlands,1973,4546
Netherlands,1974,4549
Netherlands,1975,4645
Netherlands,1976,4643
Netherlands,1977,9507
Netherlands,1978,4757
Netherlands,1979,9760
Netherlands,1980,4970
Netherlands,1981,10179.9
Netherlands,1982,5010
Netherlands,1983,9957
Netherlands,1984,4980
Netherlands,1985,10220.5
Netherlands,1986,5155
Netherlands,1987,11115
Netherlands,1988,6032
Netherlands,1989,6155
Netherlands,1990,6356
Netherlands,1991,6521
Netherlands,1992,6597
Netherlands,1993,6648
Netherlands,1994,6692
Netherlands,1995,6835
Netherlands,1996,6971
Netherlands,1997,7194
Netherlands,1998,7435
Netherlands,1999,7613
Netherlands,2000,7798
Netherlands,2001,7953
Netherlands,2002,8018
Netherlands,2003,7991
Netherlands,2004,7928
Netherlands,2005,7958
Netherlands,2006,8108
Netherlands,2007,8310
Netherlands,2008,8457
Netherlands Antilles,1977,78.354
Netherlands Antilles,1978,76.805
Netherlands Antilles,1980,76.006
Netherlands Antilles,1981,79.875
Netherlands Antilles,1983,83.693
Netherlands Antilles,1984,60.079
Netherlands Antilles,1985,60.312
Netherlands Antilles,1986,59.278
Netherlands Antilles,1987,53.752
Netherlands Antilles,1989,88.008
Netherlands Antilles,1990,47.518
Netherlands Antilles,1991,100.53
Netherlands Antilles,1992,176.32
Netherlands Antilles,1993,104.87
Netherlands Antilles,1994,109.442
Netherlands Antilles,1995,108.118
Netherlands Antilles,1996,113.926
Netherlands Antilles,1997,112.49
Netherlands Antilles,1998,54.183
Netherlands Antilles,2000,52.237
Netherlands Antilles,2002,49.056
Netherlands Antilles,2003,52.138
Netherlands Antilles,2004,51.475
Netherlands Antilles,2005,51.343
Netherlands Antilles,2006,52.05
Netherlands Antilles,2007,54.049
Netherlands Antilles,2008,56.53371
New Caledonia,1976,46.689
New Caledonia,1996,64.377
New Zealand,1986,1544.1
New Zealand,1987,1556.8
New Zealand,1988,1508.2
New Zealand,1989,1468.4
New Zealand,1990,1481.4
New Zealand,1991,1460.8
New Zealand,1992,1466.6
New Zealand,1993,1495.8
New Zealand,1994,1559.5
New Zealand,1995,1632.6
New Zealand,1996,1687.5
New Zealand,1997,3471.8
New Zealand,1998,3450
New Zealand,1999,1750.3
New Zealand,2000,1779
New Zealand,2001,1823.4
New Zealand,2002,1876.8
New Zealand,2003,1955.6
New Zealand,2004,2024.1
New Zealand,2005,2084.6
New Zealand,2006,2134.7
New Zealand,2007,2174.5
New Zealand,2008,2188.2
Nicaragua,1990,1122.4
Nicaragua,1991,1117
Nicaragua,1992,1123.7
Nicaragua,1993,1121.7
Nicaragua,1994,1176.6
Nicaragua,1995,1228.2
Nicaragua,1996,1291.8
Nicaragua,1997,1369.9
Nicaragua,1998,1441.8
Nicaragua,1999,1544.2
Nicaragua,2000,1637.1
Nicaragua,2001,1701.7
Nicaragua,2003,1916.966
Nicaragua,2004,1973.116
Nicaragua,2005,2080.899
Nicaragua,2006,2089.773
Nigeria,1983,27775
Nigeria,1986,43701.6
Niue,1987,0.753
Niue,2001,0.663
Northern Mariana Islands,1984,4.755
Northern Mariana Islands,1985,5.384
Northern Mariana Islands,1990,25.973
Northern Mariana Islands,1995,24.463
Norway,1972,1649
Norway,1973,1654
Norway,1974,1659
Norway,1975,1707
Norway,1976,1789
Norway,1977,1824
Norway,1978,1854
Norway,1979,1872
Norway,1980,1908
Norway,1981,1935
Norway,1982,1943
Norway,1983,1945
Norway,1984,1970
Norway,1985,2014
Norway,1986,2086
Norway,1987,2126
Norway,1988,2114
Norway,1989,2049
Norway,1990,2030
Norway,1991,2010
Norway,1992,2004
Norway,1993,2004
Norway,1994,2035
Norway,1995,2079
Norway,1996,2131
Norway,1997,2194
Norway,1998,2248
Norway,1999,2259
Norway,2000,2269
Norway,2001,4551.744
Norway,2002,2286
Norway,2003,2269
Norway,2004,2276
Norway,2005,2289
Norway,2006,2362
Norway,2007,2443
Norway,2008,2524
Oman,1993,251.355
Oman,1996,252.223
Oman,2000,281.645
Pakistan,1973,20093
Pakistan,1974,20424
Pakistan,1975,20679
Pakistan,1976,21295
Pakistan,1977,21930
Pakistan,1978,22596
Pakistan,1979,23618
Pakistan,1980,24341
Pakistan,1981,25085
Pakistan,1982,25861
Pakistan,1983,25856
Pakistan,1984,26658
Pakistan,1985,26961
Pakistan,1986,27033
Pakistan,1987,28703
Pakistan,1988,28995
Pakistan,1989,29053
Pakistan,1990,29797
Pakistan,1991,28681
Pakistan,1992,29694
Pakistan,1993,30534
Pakistan,1994,31288
Pakistan,1995,31407
Pakistan,1996,32491
Pakistan,1997,34597
Pakistan,1998,36419
Pakistan,1999,37296
Pakistan,2000,36847
Pakistan,2001,37481
Pakistan,2002,38882
Pakistan,2003,39852
Pakistan,2004,42009
Pakistan,2005,42816
Pakistan,2006,46952
Pakistan,2007,47651
Palau,1995,7.759
Palau,2000,9.383
Panama,1969,420.3
Panama,1970,434.3
Panama,1971,441.3
Panama,1972,455.4
Panama,1974,487.4
Panama,1975,461.2
Panama,1976,471.6
Panama,1977,470.5
Panama,1978,499.3
Panama,1979,527
Panama,1982,561.1
Panama,1983,597.3
Panama,1984,613.9
Panama,1985,627
Panama,1986,643.8
Panama,1987,1356.614
Panama,1988,1308.805
Panama,1989,1372.634
Panama,1991,1435.244
Panama,1992,1576.665
Panama,1993,815.583
Panama,1994,831.824
Panama,1995,866.658
Panama,1996,867.219
Panama,1997,909.055
Panama,1998,936.475
Panama,1999,961.403
Panama,2000,940.108
Panama,2001,984.223
Panama,2002,1049.525
Panama,2003,1080.523
Panama,2004,1134.73
Panama,2005,1188.305
Panama,2006,1210.699
Panama,2007,1264
Panama,2008,1333.8
Papua New Guinea,2000,2344.734
Paraguay,1970,727.7
Paraguay,1972,730.576
Paraguay,1973,737.902
Paraguay,1974,786.783
Paraguay,1975,807.6
Paraguay,1976,854.4
Paraguay,1977,882.6
Paraguay,1978,911.8
Paraguay,1979,942
Paraguay,1980,973.1
Paraguay,1981,1005.3
Paraguay,1982,1299.67
Paraguay,1983,334.224
Paraguay,1984,360.552
Paraguay,1985,406.976
Paraguay,1986,411.768
Paraguay,1987,425.763
Paraguay,1988,447.456
Paraguay,1989,489.955
Paraguay,1990,486.108
Paraguay,1991,495.364
Paraguay,1992,522.145
Paraguay,1993,569.658
Paraguay,1994,1049.593
Paraguay,1995,1190.385
Paraguay,1996,1190.385
Paraguay,2007,2716.365
Paraguay,2008,2810.506
Peru,1970,3960
Peru,1971,4086.9
Peru,1972,4214.8
Peru,1973,4338.9
Peru,1974,4482.5
Peru,1975,4582.2
Peru,1976,4708.9
Peru,1977,4826.5
Peru,1978,4910.1
Peru,1979,5054.3
Peru,1980,5210.7
Peru,1981,5387
Peru,1986,1988.269
Peru,1987,2061.115
Peru,1989,2169.453
Peru,1991,2376.98
Peru,1992,2410.466
Peru,1993,2610.352
Peru,1994,2682.131
Peru,1996,6130.459
Peru,1997,6744.727
Peru,1998,6929.285
Peru,1999,7211.242
Peru,2000,7128.375
Peru,2001,7619.877
Peru,2002,10917.076
Peru,2003,11868.682
Peru,2004,11890.08
Peru,2005,11745.06
Peru,2006,12545.198
Peru,2007,13361.445
Peru,2008,13691.779
Philippines,1971,12543
Philippines,1972,12581
Philippines,1973,13865
Philippines,1974,13826
Philippines,1975,14143
Philippines,1976,14237
Philippines,1977,14323
Philippines,1978,16668
Philippines,1980,17154
Philippines,1981,17810
Philippines,1982,18614
Philippines,1983,19366
Philippines,1984,19368
Philippines,1985,20327
Philippines,1986,20926
Philippines,1987,20795
Philippines,1988,21497
Philippines,1989,21849
Philippines,1990,22532
Philippines,1991,22979
Philippines,1992,23917
Philippines,1993,24443
Philippines,1994,25166
Philippines,1995,25698
Philippines,1996,30406.843
Philippines,1997,31069.659
Philippines,1998,30395.107
Philippines,1999,30595.889
Philippines,2000,27452
Philippines,2001,31574.936
Philippines,2002,30062
Philippines,2003,33063.776
Philippines,2004,31613
Philippines,2005,35055.796
Philippines,2006,32636
Philippines,2007,33560
Philippines,2008,34089
Poland,1981,18505.7
Poland,1982,18208.5
Poland,1983,18394.7
Poland,1984,18383.5
Poland,1985,18531.4
Poland,1986,18594.5
Poland,1987,18596.2
Poland,1988,18474.1
Poland,1989,18220
Poland,1990,17320.7
Poland,1991,16285.3
Poland,1992,15462.3
Poland,1994,14658
Poland,1995,14791
Poland,1996,14969
Poland,1997,15177
Poland,1998,15354
Poland,1999,14757
Poland,2000,14526
Poland,2001,14207
Poland,2002,27000.34
Poland,2003,13617
Poland,2004,13795
Poland,2005,14116
Poland,2006,14594
Poland,2007,15241
Poland,2008,15800
Portugal,1974,3767
Portugal,1975,3734
Portugal,1976,3820
Portugal,1977,3781
Portugal,1978,3808
Portugal,1979,3906
Portugal,1980,3961
Portugal,1981,3943
Portugal,1982,3949
Portugal,1983,4352.8
Portugal,1984,4288.2
Portugal,1985,4279.2
Portugal,1986,4287.1
Portugal,1987,4402.7
Portugal,1988,4516.8
Portugal,1989,4613.1
Portugal,1990,4717.5
Portugal,1991,4857.4
Portugal,1992,9129.81
Portugal,1993,8950.726
Portugal,1994,4481.776
Portugal,1995,4441.743
Portugal,1996,4467.224
Portugal,1997,4545.976
Portugal,1998,4857
Portugal,1999,4921.6
Portugal,2000,5032.9
Portugal,2001,9772.647
Portugal,2002,5145.6
Portugal,2003,5127.7
Portugal,2004,5127.5
Portugal,2005,5122.6
Portugal,2006,5159.5
Portugal,2007,5169.7
Portugal,2008,10395.6
Puerto Rico,1969,684
Puerto Rico,1970,694
Puerto Rico,1971,718
Puerto Rico,1972,745
Puerto Rico,1973,746
Puerto Rico,1974,728
Puerto Rico,1975,676
Puerto Rico,1976,690
Puerto Rico,1977,700
Puerto Rico,1978,730
Puerto Rico,1979,745
Puerto Rico,1980,760
Puerto Rico,1981,742
Puerto Rico,1982,709
Puerto Rico,1983,731
Puerto Rico,1984,773
Puerto Rico,1985,776
Puerto Rico,1986,834
Puerto Rico,1987,880
Puerto Rico,1988,938
Puerto Rico,1989,952
Puerto Rico,1990,1905.736
Puerto Rico,1991,979
Puerto Rico,1992,987
Puerto Rico,1993,1004
Puerto Rico,1994,1027
Puerto Rico,1995,1074
Puerto Rico,1996,1111
Puerto Rico,1997,1133
Puerto Rico,1998,1136
Puerto Rico,1999,1142
Puerto Rico,2000,1162
Puerto Rico,2001,1134
Puerto Rico,2002,1170
Puerto Rico,2003,1201
Puerto Rico,2004,1226
Puerto Rico,2005,1250
Puerto Rico,2006,1253
Puerto Rico,2007,1241
Puerto Rico,2008,1209
Qatar,1997,280.122
Qatar,2001,310.291
Qatar,2004,437.561
Qatar,2006,529.304
Qatar,2007,827.583
Romania,1969,9895
Romania,1970,9875
Romania,1971,9939
Romania,1972,9971
Romania,1973,10021
Romania,1974,10070
Romania,1975,10151
Romania,1976,10227
Romania,1977,10264
Romania,1978,10290
Romania,1979,10320
Romania,1980,10350.1
Romania,1981,10375.5
Romania,1982,10428.1
Romania,1983,10457.8
Romania,1984,10499.9
Romania,1985,10586.1
Romania,1986,10669.5
Romania,1987,10718.6
Romania,1988,10805.4
Romania,1989,10945.7
Romania,1990,21679
Romania,1991,21571.6
Romania,1992,20916
Romania,1993,20124
Romania,1994,20925.653
Romania,1995,11152.273
Romania,1996,10935.534
Romania,1997,11050.018
Romania,1998,10844.915
Romania,1999,10775.6
Romania,2000,10763.7
Romania,2001,10696.9
Romania,2002,9234.1
Romania,2003,9222.5
Romania,2004,9157.6
Romania,2005,9146.6
Romania,2006,9313.3
Romania,2007,9353.3
Romania,2008,9369.1
Russian Federation,1990,150649.4
Russian Federation,1991,147695.6
Russian Federation,1992,144142.2
Russian Federation,1993,70851.5
Russian Federation,1994,68484.4
Russian Federation,1995,66440.9
Russian Federation,1996,65950
Russian Federation,1997,124659.5
Russian Federation,1998,122276
Russian Federation,1999,126908
Russian Federation,2000,129397
Russian Federation,2001,129833
Russian Federation,2002,132309
Russian Federation,2003,66432
Russian Federation,2004,67275
Russian Federation,2005,68169
Russian Federation,2006,68855
Russian Federation,2007,70570
Russian Federation,2008,70965
Saint Helena,1998,2.037
Saint Helena,2008,2.13
Saint Kitts and Nevis,1973,19.667
Saint Kitts and Nevis,1974,19.888
Saint Kitts and Nevis,1975,19.976
Saint Kitts and Nevis,1976,21.1
Saint Kitts and Nevis,1977,22.172
Saint Kitts and Nevis,1978,22.894
Saint Kitts and Nevis,1979,22.9
Saint Kitts and Nevis,1981,22.7
Saint Kitts and Nevis,1982,22.8
Saint Kitts and Nevis,1983,15
Saint Kitts and Nevis,1984,14.803
Saint Lucia,1994,52.29
Saint Lucia,1995,57.44
Saint Lucia,1996,56.715
Saint Lucia,1997,55.875
Saint Lucia,1998,56.42
Saint Lucia,1999,59.85
Saint Lucia,2000,63.47
Saint Lucia,2002,58.525
Saint Lucia,2003,63.868
Saint Lucia,2004,62.265
Saint Pierre and Miquelon,1974,2.155
Saint Pierre and Miquelon,1986,2.414
Saint Pierre and Miquelon,1989,2.501
Samoa,1976,29.752
Samoa,2001,50.325
San Marino,1974,8.083
San Marino,1975,8.938
San Marino,1976,9.24
San Marino,1977,8.955
San Marino,1978,9.154
San Marino,1979,9.443
San Marino,1980,9.655
San Marino,1981,9.833
San Marino,1982,9.987
San Marino,1983,10.185
San Marino,1984,10.275
San Marino,1985,10.532
San Marino,1986,10.839
San Marino,1987,11.175
San Marino,1988,11.462
San Marino,1989,11.748
San Marino,1990,12.134
San Marino,1991,12.839
San Marino,1992,13.61
San Marino,1993,14.258
San Marino,1995,16.348
San Marino,1996,16.701
San Marino,1997,17.251
San Marino,1998,17.933
San Marino,1999,18.667
San Marino,2001,19.112
San Marino,2002,19.249
San Marino,2003,19.34
San Marino,2004,19.89
San Marino,2005,20.124
San Marino,2006,20.695
San Marino,2007,21.483
San Marino,2008,21.995
Sao Tome and Principe,1978,1.651
Sao Tome and Principe,1979,1.248
Sao Tome and Principe,1980,2.009
Sao Tome and Principe,1981,1.875
Sao Tome and Principe,1982,1.541
Sao Tome and Principe,1983,1.038
Sao Tome and Principe,1984,1.456
Sao Tome and Principe,1991,34.068
Saudi Arabia,1999,5592.854
Saudi Arabia,2000,5713.345
Saudi Arabia,2001,5808.617
Saudi Arabia,2002,5913.01
Saudi Arabia,2006,7522.984
Saudi Arabia,2007,7766.35
Saudi Arabia,2008,7956.832
Senegal,2006,3152.937
Serbia,2004,2930.846
Serbia,2005,2733.412
Serbia,2006,2630.691
Serbia,2007,2655.736
Serbia,2008,2821.72
Sierra Leone,2004,1933.009
Singapore,1970,650.892
Singapore,1973,799.618
Singapore,1974,824.4
Singapore,1975,833.5
Singapore,1976,870.4
Singapore,1977,903.9
Singapore,1978,955.6
Singapore,1979,1018.3
Singapore,1980,1068.9
Singapore,1981,1153.6
Singapore,1982,1221.1
Singapore,1983,1251.2
Singapore,1984,1269.2
Singapore,1985,2469.2
Singapore,1986,2428.82
Singapore,1987,2533.76
Singapore,1988,2663.136
Singapore,1989,2788.02
Singapore,1990,1485.8
Singapore,1991,3048.63
Singapore,1992,3152.302
Singapore,1993,3184.039
Singapore,1994,1649.296
Singapore,1995,1702.089
Singapore,1996,1748.14
Singapore,1997,1499.8
Singapore,1998,1493.8
Singapore,1999,1518.3
Singapore,2000,2094.8
Singapore,2001,1582.5
Singapore,2002,1573.7
Singapore,2003,1605.4
Singapore,2004,1632.1
Singapore,2006,3593.4
Singapore,2007,1803.2
Singapore,2008,1852
Slovakia,1994,2110.2
Slovakia,1995,2146.8
Slovakia,1996,2224.9
Slovakia,1997,2205.9
Slovakia,1998,2198.6
Slovakia,1999,2132.1
Slovakia,2000,2101.7
Slovakia,2001,4310.536
Slovakia,2002,2127
Slovakia,2003,2164.6
Slovakia,2004,2170.4
Slovakia,2005,2216.2
Slovakia,2006,2301.4
Slovakia,2007,2357.3
Slovakia,2008,2433.8
Slovenia,1993,845
Slovenia,1994,851
Slovenia,1995,882
Slovenia,1996,878
Slovenia,1997,898
Slovenia,1998,907
Slovenia,1999,892
Slovenia,2000,894
Slovenia,2001,914
Slovenia,2002,922
Slovenia,2003,896
Slovenia,2004,946
Slovenia,2005,947
Slovenia,2006,969
Slovenia,2007,994
Slovenia,2008,990
South Africa,2000,12238
South Africa,2001,11181
South Africa,2002,11296
South Africa,2003,11424
South Africa,2004,11643
South Africa,2005,12301
South Africa,2006,12800
South Africa,2007,13234
South Africa,2008,13713
Spain,1969,12328.1
Spain,1970,12432.9
Spain,1971,12499.2
Spain,1972,12535.4
Spain,1973,12850.7
Spain,1974,12924.1
Spain,1975,12691.9
Spain,1976,12317.1
Spain,1977,12328.4
Spain,1978,12104.951
Spain,1979,11912.848
Spain,1980,11559.109
Spain,1981,11232.375
Spain,1982,11118.041
Spain,1983,11045.438
Spain,1984,10744.656
Spain,1985,10641
Spain,1986,10889
Spain,1987,11368.8
Spain,1988,11772.6
Spain,1989,12258.3
Spain,1990,12578.8
Spain,1991,12609.4
Spain,1992,12822.3
Spain,1993,12293.8
Spain,1994,12207.6
Spain,1995,12512
Spain,1996,12871.5
Spain,1997,13345.6
Spain,1998,13904.2
Spain,1999,14689.8
Spain,2000,15505.9
Spain,2001,16146.3
Spain,2002,16630.3
Spain,2003,17295.9
Spain,2004,17970.8
Spain,2005,18973.2
Spain,2006,19747.7
Spain,2007,20356
Spain,2008,20257.63
Sri Lanka,1981,4737.7
Sri Lanka,1985,5131.749
Sri Lanka,1990,5963.7
Sri Lanka,1991,5136
Sri Lanka,1992,4985.75
Sri Lanka,1993,5072.075
Sri Lanka,1994,5148.35
Sri Lanka,1995,5315.96
Sri Lanka,1996,5586.94
Sri Lanka,1997,5569.35
Sri Lanka,1998,5946.15
Sri Lanka,2002,6519.415
Sri Lanka,2003,7012.755
Sri Lanka,2004,7394.029
Sri Lanka,2005,7518.007
Sri Lanka,2006,7105.3
Sri Lanka,2007,7041.9
Sri Lanka,2008,7174.707
Suriname,1973,74.745
Suriname,1974,77.707
Suriname,1975,80.256
Suriname,1976,82.427
Suriname,1977,88.853
Suriname,1978,95.759
Suriname,1979,95.675
Suriname,1982,81.589
Suriname,1983,68.541
Suriname,1984,67.68
Suriname,1985,67.035
Suriname,1986,75.108
Suriname,1987,66.553
Suriname,1988,67.471
Suriname,1989,69.177
Suriname,1990,149.069
Suriname,1992,88.635
Suriname,1993,83.411
Suriname,1994,77.899
Suriname,1995,82.452
Suriname,1996,87.209
Suriname,1997,82.85
Suriname,1998,88.244
Suriname,1999,72.834
Suriname,2004,156.705
Sweden,1969,3782
Sweden,1970,3854
Sweden,1971,3860
Sweden,1972,3862
Sweden,1973,3879
Sweden,1974,3962
Sweden,1975,4062
Sweden,1976,4088
Sweden,1977,4099
Sweden,1978,4115
Sweden,1979,4180
Sweden,1980,4232
Sweden,1981,4225
Sweden,1982,4219
Sweden,1983,4224
Sweden,1984,4255
Sweden,1985,4299
Sweden,1986,4299
Sweden,1987,8597
Sweden,1988,8717
Sweden,1989,8850
Sweden,1990,8934
Sweden,1991,8769
Sweden,1992,8404
Sweden,1993,7928
Sweden,1994,7854
Sweden,1995,3986
Sweden,1996,3963
Sweden,1997,3922
Sweden,1998,3979
Sweden,1999,4068
Sweden,2000,4159
Sweden,2001,4239
Sweden,2002,4244
Sweden,2003,4234
Sweden,2004,4213
Sweden,2005,4263
Sweden,2006,4341
Sweden,2007,4541
Sweden,2008,9186
Switzerland,1969,3081.5
Switzerland,1970,3124.1
Switzerland,1971,3199
Switzerland,1972,3243
Switzerland,1973,3277
Switzerland,1974,3273
Switzerland,1975,3117
Switzerland,1976,3024
Switzerland,1977,3035
Switzerland,1978,3067
Switzerland,1979,3094.8
Switzerland,1980,3165.9
Switzerland,1981,3240
Switzerland,1982,3256.3
Switzerland,1983,3256.5
Switzerland,1984,3288.2
Switzerland,1985,3354
Switzerland,1986,3430
Switzerland,1987,3515
Switzerland,1988,3607
Switzerland,1989,3704
Switzerland,1990,3821
Switzerland,1991,15464
Switzerland,1992,15322
Switzerland,1993,15242
Switzerland,1994,15154
Switzerland,1995,15226
Switzerland,1996,15309
Switzerland,1997,11520
Switzerland,1998,7839
Switzerland,1999,7900
Switzerland,2000,11748.416
Switzerland,2001,8084
Switzerland,2002,8136
Switzerland,2003,8119
Switzerland,2004,8128
Switzerland,2005,8175
Switzerland,2006,8355
Switzerland,2007,8535
Switzerland,2008,8724
Syrian Arab Republic,1970,1512.123
Syrian Arab Republic,1971,1522.328
Syrian Arab Republic,1972,1634.164
Syrian Arab Republic,1973,1612.071
Syrian Arab Republic,1974,1631.362
Syrian Arab Republic,1975,1750.467
Syrian Arab Republic,1976,1760.367
Syrian Arab Republic,1977,1894.425
Syrian Arab Republic,1978,1934.093
Syrian Arab Republic,1979,2092.13
Syrian Arab Republic,1983,2125.6
Syrian Arab Republic,1984,2246.3
Syrian Arab Republic,1989,2882.617
Syrian Arab Republic,1991,3249.936
Syrian Arab Republic,2001,4730
Syrian Arab Republic,2002,4821.757
Syrian Arab Republic,2007,4946
Tajikistan,2004,2452.6
Tanzania (Tanganyika),2001,16914.805
"Tanzania, United Republic of",2006,17944.558
Thailand,1971,16604.6
Thailand,1972,16057.9
Thailand,1973,16754.1
Thailand,1974,15401.5
Thailand,1975,16176.4
Thailand,1976,16113.1
Thailand,1977,18137.3
Thailand,1978,19215.2
Thailand,1979,19021.55
Thailand,1980,22523.1
Thailand,1981,20873
Thailand,1982,21611.4
Thailand,1983,22911.1
Thailand,1984,23802.5
Thailand,1985,25852.6
Thailand,1986,26690.7
Thailand,1987,27639.1
Thailand,1988,29462.3
Thailand,1989,30613.8
Thailand,1990,30842
Thailand,1991,31136.5
Thailand,1992,32383
Thailand,1993,32150.2
Thailand,1994,32093.2
Thailand,1995,32573.1
Thailand,1996,32231.6
Thailand,1997,33162.3
Thailand,1998,32138
Thailand,1999,32087.1
Thailand,2000,33001
Thailand,2001,33483.7
Thailand,2002,34262.9
Thailand,2003,34677.1
Thailand,2004,35711.6
Thailand,2005,36302.4
Thailand,2006,36344.6
Thailand,2007,37122.2
Thailand,2008,37836.6
Tonga,1984,52.2
Tonga,2003,34.56
Trinidad and Tobago,1974,333.9
Trinidad and Tobago,1975,332.4
Trinidad and Tobago,1977,370.8
Trinidad and Tobago,1978,387.8
Trinidad and Tobago,1979,397.1
Trinidad and Tobago,1980,387.9
Trinidad and Tobago,1981,389.6
Trinidad and Tobago,1982,400.9
Trinidad and Tobago,1983,399.4
Trinidad and Tobago,1984,406.8
Trinidad and Tobago,1985,392.2
Trinidad and Tobago,1986,390.5
Trinidad and Tobago,1987,372.3
Trinidad and Tobago,1988,371.5
Trinidad and Tobago,1989,365.7
Trinidad and Tobago,1990,687.258
Trinidad and Tobago,1991,401
Trinidad and Tobago,1992,405.9
Trinidad and Tobago,1993,404.5
Trinidad and Tobago,1994,415.6
Trinidad and Tobago,1995,431.5
Trinidad and Tobago,1996,444.2
Trinidad and Tobago,1997,459.8
Trinidad and Tobago,1998,479.3
Trinidad and Tobago,1999,489.4
Trinidad and Tobago,2000,503.1
Trinidad and Tobago,2001,514.1
Trinidad and Tobago,2002,525.1
Trinidad and Tobago,2003,534.1
Trinidad and Tobago,2004,562.2
Trinidad and Tobago,2005,574
Trinidad and Tobago,2006,586.2
Trinidad and Tobago,2007,587.8
Trinidad and Tobago,2008,597.6
,,,
,,,
,,,
,,,
,,,
,,,
,,,
,,,
,,,
,,,
,,,
,,,
,,,
,,,
,,,
,,,
,,,
,,,
,,,
,,,
,,,
,,,
,,,
,,,
,,,
,,,
,,,
,,,
,,,
,,,
,,,
,,,
,,,
,,,
,,,
,,,
,,,
,,,
,,,
,,,
,,,
,,,
,,,
,,,
,,,
,,,
,,,
,,,
,,,
,,,
,,,
,,,
,,,
,,,
,,,
,,,
,,,
,,,
,,,
,,,
,,,
,,,
,,,
,,,
,,,
,,,
,,,
,,,
,,,
,,,
,,,
,,,
,,,
,,,
,,,
,,,
,,,
,,,
,,,
,,,
,,,
,,,
,,,
,,,
,,,
,,,
,,,
,,,
,,,
,,,
,,,
,,,
,,,
,,,
,,,
,,,
,,,
,,,
,,,
,,,
,,,
,,,
,,,
,,,
,,,
,,,
,,,
,,,
,,,
,,,
,,,
,,,
,,,
,,,
,,,
,,,
,,,
,,,
,,,
,,,
,,,
,,,
,,,
,,,
,,,
,,,
,,,
,,,
,,,
,,,
,,,
,,,
,,,
,,,
,,,
,,,
,,,
,,,
,,,
,,,
,,,
,,,
,,,
,,,
,,,
,,,
,,,
,,,
,,,
,,,
,,,
,,,
,,,
,,,
,,,
,,,
,,,
,,,
,,,
,,,
,,,
,,,
,,,
,,,
,,,
,,,
,,,
,,,
,,,
,,,
,,,
,,,
,,,
,,,
,,,
,,,
,,,
,,,
,,,
,,,
,,,
,,,
,,,
,,,
,,,
,,,
,,,
,,,
,,,
,,,
,,,
,,,
,,,
,,,
,,,
,,,
,,,
,,,
,,,
,,,
,,,
,,,
,,,
,,,
,,,
,,,
,,,
,,,
,,,
,,,
,,,
,,,
,,,
,,,
,,,
,,,
,,,
,,,
,,,
,,,
,,,
,,,
,,,
,,,
,,,
,,,
,,,
,,,
,,,
,,,
,,,
,,,
,,,
,,,
,,,
,,,
,,,
,,,
,,,
,,,
,,,
,,,
,,,
,,,
,,,
,,,
,,,
,,,
,,,
,,,
,,,
,,,
,,,
,,,
,,,
,,,
,,,
,,,
,,,
,,,
,,,
,,,
,,,
,,,
,,,
,,,
,,,
,,,
,,,
,,,
,,,
,,,
,,,
,,,
,,,
,,,
,,,
,,,
,,,
,,,
,,,
,,,
,,,
,,,
,,,
,,,
,,,
,,,
,,,
,,,
,,,
,,,
,,,
,,,
,,,
,,,
,,,
,,,
,,,
,,,
,,,
,,,
,,,
,,,
,,,
,,,
,,,
,,,
,,,
,,,
,,,
,,,
,,,
,,,
,,,
,,,
,,,
,,,
,,,
,,,
,,,
,,,
,,,
,,,
,,,
,,,
,,,
,,,
,,,
,,,
,,,
,,,
,,,
,,,
,,,
,,,
,,,
,,,
,,,
,,,
,,,
,,,
,,,
,,,
,,,
,,,
,,,
,,,
,,,
,,,
,,,
,,,
,,,
,,,
,,,
,,,
,,,
,,,
,,,
,,,
,,,
,,,
,,,
,,,
,,,
,,,
,,,
,,,
,,,
,,,
,,,
,,,
,,,
,,,
,,,
,,,
,,,
,,,
,,,
,,,
,,,
,,,
,,,
,,,
,,,
,,,
,,,
,,,
,,,
,,,
,,,
,,,
,,,
,,,
,,,
,,,
,,,
,,,
,,,
,,,
,,,
,,,
,,,
,,,
,,,
,,,
,,,
,,,
,,,
,,,
,,,
,,,
,,,
,,,
,,,
,,,
,,,
,,,
,,,
,,,
,,,
,,,
,,,
,,,
,,,
,,,
,,,
,,,
,,,
,,,
,,,
,,,
,,,
,,,
,,,
,,,
,,,
,,,
,,,
,,,
,,,
,,,
,,,
,,,
,,,
,,,
,,,
,,,
,,,
,,,
,,,
,,,
,,,
,,,
,,,
,,,
,,,
,,,
,,,
,,,
,,,
,,,
,,,
,,,
,,,
,,,
,,,
,,,
,,,
,,,
,,,
,,,
,,,
,,,
,,,
,,,
,,,
,,,
,,,
,,,
,,,
,,,
,,,
,,,
,,,
,,,
,,,
,,,
,,,
,,,
,,,
,,,
,,,
,,,
,,,
,,,
,,,
,,,
,,,
,,,
,,,
,,,
,,,
,,,
,,,
,,,
,,,
,,,
,,,
,,,
,,,
,,,
,,,
,,,
,,,
,,,
,,,
,,,
,,,
,,,
,,,
,,,
,,,
,,,
,,,
,,,
,,,
,,,
,,,
,,,
,,,
,,,
,,,
,,,
,,,
,,,
,,,
,,,
,,,
,,,
,,,
,,,
,,,
,,,
,,,
,,,
,,,
,,,
,,,
,,,
,,,
,,,
,,,
,,,
,,,
,,,
,,,
,,,
,,,
,,,
,,,
,,,
,,,
,,,
,,,
,,,
,,,
,,,
,,,
,,,
,,,
,,,
,,,
,,,
,,,
,,,
,,,
,,,
,,,
,,,
,,,
,,,
,,,
,,,
,,,
,,,
,,,
,,,
,,,
,,,
,,,
,,,
,,,
,,,
,,,
,,,
,,,
,,,
,,,
,,,
,,,
,,,
,,,
,,,
,,,
,,,
,,,
,,,
,,,
,,,
,,,
,,,
,,,
,,,
,,,
,,,
,,,
,,,
,,,
,,,
,,,
,,,
,,,
,,,
,,,
,,,
,,,
,,,
,,,
,,,
,,,
,,,
,,,
,,,
,,,
,,,
,,,
,,,
,,,
,,,
,,,
,,,
,,,
,,,
,,,
,,,
,,,
,,,
,,,
,,,
,,,
,,,
,,,
,,,
,,,
,,,
,,,
,,,
,,,
,,,
,,,
,,,
,,,
,,,
,,,
,,,
,,,
,,,
,,,
,,,
,,,
,,,
,,,
,,,
,,,
,,,
,,,
,,,
,,,
,,,
,,,
,,,
,,,
,,,
,,,
,,,
,,,
,,,
,,,
,,,
,,,
,,,
,,,
,,,
,,,
,,,
,,,
,,,
,,,
,,,
,,,
,,,
,,,
,,,
,,,
,,,
,,,
,,,
,,,
,,,
,,,
,,,
,,,
,,,
,,,
,,,
,,,
,,,
,,,
,,,
,,,
,,,
,,,
,,,
,,,
,,,
,,,
,,,
,,,
,,,
,,,
,,,
,,,
,,,
,,,
,,,
,,,
,,,
,,,
,,,
,,,
,,,
,,,
,,,
,,,
,,,
,,,
,,,
,,,
,,,
,,,
,,,
,,,
,,,
,,,
,,,
,,,
,,,
,,,
,,,
,,,
,,,
,,,
,,,
,,,
,,,
,,,
,,,
,,,
,,,
,,,
,,,
,,,
,,,
,,,
,,,
,,,
,,,
,,,
,,,
,,,
,,,
,,,
,,,
,,,
,,,
,,,
,,,
,,,
,,,
,,,
,,,
,,,
,,,
,,,
,,,
,,,
,,,
,,,
,,,
,,,
,,,
,,,
,,,
,,,
,,,
,,,
,,,
,,,
,,,
,,,
,,,
,,,
,,,
,,,
,,,
,,,
,,,
,,,
,,,
,,,
,,,
,,,
,,,
,,,
,,,
,,,
,,,
,,,
,,,
,,,
,,,
,,,
,,,
,,,
,,,
,,,
,,,
,,,
,,,
,,,
,,,
,,,
,,,
,,,
,,,
,,,
,,,
,,,
,,,
,,,
,,,
,,,
,,,
,,,
,,,
,,,
,,,
,,,
,,,
,,,
,,,
,,,
,,,
,,,
,,,
,,,
,,,
,,,
,,,
,,,
,,,
,,,
,,,
,,,
,,,
,,,
,,,
,,,
,,,
,,,
,,,
,,,
,,,
,,,
,,,
,,,
,,,
,,,
,,,
,,,
,,,
,,,
,,,
,,,
,,,
,,,
,,,
,,,
,,,
,,,
,,,
,,,
,,,
,,,
,,,
,,,
,,,
,,,
,,,
,,,
,,,
,,,
,,,
,,,
,,,
,,,
,,,
,,,
,,,
,,,
,,,
,,,
,,,
,,,
,,,
,,,
,,,
,,,
,,,
,,,
,,,
,,,
,,,
,,,
,,,
,,,
,,,
,,,
,,,
,,,
,,,
,,,
,,,
,,,
,,,
,,,
,,,
,,,
,,,
,,,
,,,
,,,
,,,
,,,
,,,
,,,
,,,
,,,
,,,
,,,
,,,
,,,
,,,
,,,
,,,
,,,
,,,
,,,
,,,
,,,
,,,
,,,
,,,
,,,
,,,
,,,
,,,
,,,
,,,
,,,
,,,
,,,
,,,
,,,
,,,
,,,
,,,
,,,
,,,
,,,
,,,
,,,
,,,
,,,
,,,
,,,
,,,
,,,
,,,
,,,
,,,
,,,
,,,
,,,
,,,
,,,
,,,
,,,
,,,
,,,
,,,
,,,
,,,
,,,
,,,
,,,
,,,
,,,
,,,
,,,
,,,
,,,
,,,
,,,
,,,
,,,
,,,
,,,
,,,
,,,
,,,
,,,
,,,
,,,
,,,
,,,
,,,
,,,
,,,
,,,
,,,
,,,
,,,
,,,
,,,
,,,
,,,
,,,
,,,
,,,
,,,
,,,
,,,
,,,
,,,
,,,
,,,
,,,
,,,
,,,
,,,
,,,
,,,
,,,
,,,
,,,
,,,
,,,
,,,
,,,
,,,
,,,
,,,
,,,
,,,
,,,
,,,
,,,
,,,
,,,
,,,
,,,
,,,
,,,
,,,
,,,
,,,
,,,
,,,
,,,
,,,
,,,
,,,
,,,
,,,
,,,
,,,
,,,
,,,
,,,
,,,
,,,
,,,
,,,
,,,
,,,
,,,
,,,
,,,
,,,
,,,
,,,
,,,
,,,
,,,
,,,
,,,
,,,
,,,
,,,
,,,
,,,
,,,
,,,
,,,
,,,
,,,
,,,
,,,
,,,
,,,
,,,
,,,
,,,
,,,
,,,
,,,
,,,
,,,
,,,
,,,
,,,
,,,
,,,
,,,
,,,
,,,
,,,
,,,
,,,
,,,
,,,
,,,
,,,
,,,
,,,
,,,
,,,
,,,
,,,
,,,
,,,
,,,
,,,
,,,
,,,
,,,
,,,
,,,
,,,
,,,
,,,
,,,
,,,
,,,
,,,
,,,
,,,
,,,
,,,
,,,
,,,
,,,
,,,
,,,
,,,
,,,
,,,
,,,
,,,
,,,
,,,
,,,
,,,
,,,
,,,
,,,
,,,
,,,
,,,
,,,
,,,
,,,
,,,
,,,
,,,
,,,
,,,
,,,
,,,
,,,
,,,
,,,
,,,
,,,
,,,
,,,
,,,
,,,
,,,
,,,
,,,
,,,
,,,
,,,
,,,
,,,
,,,
,,,
,,,
,,,
,,,
,,,
,,,
,,,
,,,
,,,
,,,
,,,
,,,
,,,
,,,
,,,
,,,
,,,
,,,
,,,
,,,
,,,
,,,
,,,
,,,
,,,
,,,
,,,
,,,
,,,
,,,
,,,
,,,
,,,
,,,
,,,
,,,
,,,
,,,
,,,
,,,
,,,
,,,
,,,
,,,
,,,
,,,
,,,
,,,
,,,
,,,
,,,
,,,
,,,
,,,
,,,
,,,
,,,
,,,
,,,
,,,
,,,
,,,
,,,
,,,
,,,
,,,
,,,
,,,
,,,
,,,
,,,
,,,
,,,
,,,
,,,
,,,
,,,
,,,
,,,
,,,
,,,
,,,
,,,
,,,
,,,
,,,
,,,
,,,
,,,
,,,
,,,
,,,
,,,
,,,
,,,
,,,
,,,
,,,
,,,
,,,
,,,
,,,
,,,
,,,
,,,
,,,
,,,
,,,
,,,
,,,
,,,
,,,
,,,
,,,
,,,
,,,
,,,
,,,
,,,
,,,
,,,
,,,
,,,
,,,
,,,
,,,
,,,
,,,
,,,
,,,
,,,
,,,
,,,
,,,
,,,
,,,
,,,
,,,
,,,
,,,
,,,
,,,
,,,
,,,
,,,
,,,
,,,
,,,
,,,
,,,
,,,
,,,
,,,
,,,
,,,
,,,
,,,
,,,
,,,
,,,
,,,
,,,
,,,
,,,
,,,
,,,
,,,
,,,
,,,
,,,
,,,
,,,
,,,
,,,
,,,
,,,
,,,
,,,
,,,
,,,
,,,
,,,
,,,
,,,
,,,
,,,
,,,
,,,
,,,
,,,
,,,
,,,
,,,
,,,
,,,
,,,
,,,
,,,
,,,
,,,
,,,
,,,
,,,
,,,
,,,
,,,
,,,
,,,
,,,
,,,
,,,
,,,
,,,
,,,
,,,
,,,
,,,
,,,
,,,
,,,
,,,
,,,
,,,
,,,
,,,
,,,
,,,
,,,
,,,
,,,
,,,
,,,
,,,
,,,
,,,
,,,
,,,
,,,
,,,
,,,
,,,
,,,
,,,
,,,
,,,
,,,
,,,
,,,
,,,
,,,
,,,
,,,
,,,
,,,
,,,
,,,
,,,
,,,
,,,
,,,
,,,
,,,
,,,
,,,
,,,
,,,
,,,
,,,
,,,
,,,
,,,
,,,
,,,
,,,
,,,
,,,
,,,
,,,
,,,
,,,
,,,
,,,
,,,
,,,
,,,
,,,
,,,
,,,
,,,
,,,
,,,
,,,
,,,
,,,
,,,
,,,
,,,
,,,
,,,
,,,
,,,
,,,
,,,
,,,
,,,
,,,
,,,
,,,
,,,
,,,
,,,
,,,
,,,
,,,
,,,
,,,
,,,
,,,
,,,
,,,
,,,
,,,
,,,
,,,
,,,
,,,
,,,
,,,
,,,
,,,
,,,
,,,
,,,
,,,
,,,
,,,
,,,
,,,
,,,
,,,
,,,
,,,
,,,
,,,
,,,
,,,
,,,
,,,
,,,
,,,
,,,
,,,
,,,
,,,
,,,
,,,
,,,
,,,
,,,
,,,
,,,
,,,
,,,
,,,
,,,
,,,
,,,
,,,
,,,
,,,
,,,
,,,
,,,
,,,
,,,
,,,
,,,
,,,
,,,
,,,
,,,
,,,
,,,
,,,
,,,
,,,
,,,
,,,
,,,
,,,
,,,
,,,
,,,
,,,
,,,
,,,
,,,
,,,
,,,
,,,
,,,
,,,
,,,
,,,
,,,
,,,
,,,
,,,
,,,
,,,
,,,
,,,
,,,
,,,
,,,
,,,
,,,
,,,
,,,
,,,
,,,
,,,
,,,
,,,
,,,
,,,
,,,
,,,
,,,
,,,
,,,
,,,
,,,
,,,
,,,
,,,
,,,
,,,
,,,
,,,
,,,
,,,
,,,
,,,
,,,
,,,
,,,
,,,
,,,
,,,
,,,
,,,
,,,
,,,
,,,
,,,
,,,
,,,
,,,
,,,
,,,
,,,
,,,
,,,
,,,
,,,
,,,
,,,
,,,
,,,
,,,
,,,
,,,
,,,
,,,
,,,
,,,
,,,
,,,
,,,
,,,
,,,
,,,
,,,
,,,
,,,
,,,
,,,
,,,
,,,
,,,
,,,
,,,
,,,
,,,
,,,
,,,
,,,
,,,
,,,
,,,
,,,
,,,
,,,
,,,
,,,
,,,
,,,
,,,
,,,
,,,
,,,
,,,
,,,
,,,
,,,
,,,
,,,
,,,
,,,
,,,
,,,
,,,
,,,
,,,
,,,
,,,
,,,
,,,
,,,
,,,
,,,
,,,
,,,
,,,
,,,
,,,
,,,
,,,
,,,
,,,
,,,
,,,
,,,
,,,
,,,
,,,
,,,
,,,
,,,
,,,
,,,
,,,
,,,
,,,
,,,
,,,
,,,
,,,
,,,
,,,
,,,
,,,
,,,
,,,
,,,
,,,
,,,
,,,
,,,
,,,
,,,
,,,
,,,
,,,
,,,
,,,
,,,
,,,
,,,
,,,
,,,
,,,
,,,
,,,
,,,
,,,
,,,
,,,
,,,
,,,
,,,
,,,
,,,
,,,
,,,
,,,
,,,
,,,
,,,
,,,
,,,
,,,
,,,
,,,
,,,
,,,
,,,
,,,
,,,
,,,
,,,
,,,
,,,
,,,
,,,
,,,
,,,
,,,
,,,
,,,
,,,
,,,
,,,
,,,
,,,
,,,
,,,
,,,
,,,
,,,
,,,
,,,
,,,
,,,
,,,
,,,
,,,
,,,
,,,
,,,
,,,
,,,
,,,
,,,
,,,
,,,
,,,
,,,
,,,
,,,
,,,
,,,
,,,
,,,
,,,
,,,
,,,
,,,
,,,
,,,
,,,
,,,
,,,
,,,
,,,
,,,
,,,
,,,
,,,
,,,
,,,
,,,
,,,
,,,
,,,
,,,
,,,
,,,
,,,
,,,
,,,
,,,
,,,
,,,
,,,
,,,
,,,
,,,
,,,
,,,
,,,
,,,
,,,
,,,
,,,
,,,
,,,
,,,
,,,
,,,
,,,
,,,
,,,
,,,
,,,
,,,
,,,
,,,
,,,
,,,
,,,
,,,
,,,
,,,
,,,
,,,
,,,
,,,
,,,
,,,
,,,
,,,
,,,
,,,
,,,
,,,
,,,
,,,
,,,
,,,
,,,
,,,
,,,
,,,
,,,
,,,
,,,
,,,
,,,
,,,
,,,
,,,
,,,
,,,
,,,
,,,
,,,
,,,
,,,
,,,
,,,
,,,
,,,
,,,
,,,
,,,
,,,
,,,
,,,
,,,
,,,
,,,
,,,
,,,
,,,
,,,
,,,
,,,
,,,
,,,
,,,
,,,
,,,
,,,
,,,
,,,
,,,
,,,
,,,
,,,
,,,
,,,
,,,
,,,
,,,
,,,
,,,
,,,
,,,
,,,
,,,
,,,
,,,
,,,
,,,
,,,
,,,
,,,
,,,
,,,
,,,
,,,
,,,
,,,
,,,
,,,
,,,
,,,
,,,
,,,
,,,
,,,
,,,
,,,
,,,
,,,
,,,
,,,
,,,
,,,
,,,
,,,
,,,
,,,
,,,
,,,
,,,
,,,
,,,
,,,
,,,
,,,
,,,
,,,
,,,
,,,
,,,
,,,
,,,
,,,
,,,
,,,
,,,
,,,
,,,
,,,
,,,
,,,
,,,
,,,
,,,
,,,
,,,
,,,
,,,
,,,
,,,
,,,
,,,
,,,
,,,
,,,
,,,
,,,
,,,
,,,
,,,
,,,
,,,
,,,
,,,
,,,
,,,
,,,
,,,
,,,
,,,
,,,
,,,
,,,
,,,
,,,
,,,
,,,
,,,
,,,
,,,
,,,
,,,
,,,
,,,
,,,
,,,
,,,
,,,
,,,
,,,
,,,
,,,
,,,
,,,
,,,
,,,
,,,
,,,
,,,
,,,
,,,
,,,
,,,
,,,
,,,
,,,
,,,
,,,
,,,
,,,
,,,
,,,
,,,
,,,
,,,
,,,
,,,
,,,
,,,
,,,
,,,
,,,
,,,
,,,
,,,
,,,
,,,
,,,
,,,
,,,
,,,
,,,
,,,
,,,
,,,
,,,
,,,
,,,
,,,
,,,
,,,
,,,
,,,
,,,
,,,
,,,
,,,
,,,
,,,
,,,
,,,
,,,
,,,
,,,
,,,
,,,
,,,
,,,
,,,
,,,
,,,
,,,
,,,
,,,
,,,
,,,
,,,
,,,
,,,
,,,
,,,
,,,
,,,
,,,
,,,
,,,
,,,
,,,
,,,
,,,
,,,
,,,
,,,
,,,
,,,
,,,
,,,
,,,
,,,
,,,
,,,
,,,
,,,
,,,
,,,
,,,
,,,
,,,
,,,
,,,
,,,
,,,
,,,
,,,
,,,
,,,
,,,
,,,
,,,
,,,
,,,
,,,
,,,
,,,
,,,
,,,
,,,
,,,
,,,
,,,
,,,
,,,
,,,
,,,
,,,
,,,
,,,
,,,
,,,
,,,
,,,
,,,
,,,
,,,
,,,
,,,
,,,
,,,
,,,
,,,
,,,
,,,
,,,
,,,
,,,
,,,
,,,
,,,
,,,
,,,
,,,
,,,
,,,
,,,
,,,
,,,
,,,
,,,
,,,
,,,
,,,
,,,
,,,
,,,
,,,
,,,
,,,
,,,
,,,
,,,
,,,
,,,
,,,
,,,
,,,
,,,
,,,
,,,
,,,
,,,
,,,
,,,
,,,
,,,
,,,
,,,
,,,
,,,
,,,
,,,
,,,
,,,
,,,
,,,
,,,
,,,
,,,
,,,
,,,
,,,
,,,
,,,
,,,
,,,
,,,
,,,
,,,
,,,
,,,
,,,
,,,
,,,
,,,
,,,
,,,
,,,
,,,
,,,
,,,
,,,
,,,
,,,
,,,
,,,
,,,
,,,
,,,
,,,
,,,
,,,
,,,
,,,
,,,
,,,
,,,
,,,
,,,
,,,
,,,
,,,
,,,
,,,
,,,
,,,
,,,
,,,
,,,
,,,
,,,
,,,
,,,
,,,
,,,
,,,
,,,
,,,
,,,
,,,
,,,
,,,
,,,
,,,
,,,
,,,
,,,
,,,
,,,
,,,
,,,
,,,
,,,
,,,
,,,
,,,
,,,
,,,
,,,
,,,
,,,
,,,
,,,
,,,
,,,
,,,
,,,
,,,
,,,
,,,
,,,
,,,
,,,
,,,
,,,
,,,
,,,
,,,
,,,
,,,
,,,
,,,
,,,
,,,
,,,
,,,
,,,
,,,
,,,
,,,
,,,
,,,
,,,
,,,
,,,
,,,
,,,
,,,
,,,
,,,
,,,
,,,
,,,
,,,
,,,
,,,
,,,
,,,
,,,
,,,
,,,
,,,
,,,
,,,
,,,
,,,
,,,
,,,
,,,
,,,
,,,
,,,
,,,
,,,
,,,
,,,
,,,
,,,
,,,
,,,
,,,
,,,
,,,
,,,
,,,
,,,
,,,
,,,
,,,
,,,
,,,
,,,
,,,
,,,
,,,
,,,
,,,
,,,
,,,
,,,
,,,
,,,
,,,
,,,
,,,
,,,
,,,
,,,
,,,
,,,
,,,
,,,
,,,
,,,
,,,
,,,
,,,
,,,
,,,
,,,
,,,
,,,
,,,
,,,
,,,
,,,
,,,
,,,
,,,
,,,
,,,
,,,
,,,
,,,
,,,
,,,
,,,
,,,
,,,
,,,
,,,
,,,
,,,
,,,
,,,
,,,
,,,
,,,
,,,
,,,
,,,
,,,
,,,
,,,
,,,
,,,
,,,
,,,
,,,
,,,
,,,
,,,
,,,
,,,
,,,
,,,
,,,
,,,
,,,
,,,
,,,
,,,
,,,
,,,
,,,
,,,
,,,
,,,
,,,
,,,
,,,
,,,
,,,
,,,
,,,
,,,
,,,
,,,
,,,
,,,
,,,
,,,
,,,
,,,
,,,
,,,
,,,
,,,
,,,
,,,
,,,
,,,
,,,
,,,
,,,
,,,
,,,
,,,
,,,
,,,
,,,
,,,
,,,
,,,
,,,
,,,
,,,
,,,
,,,
,,,
,,,
,,,
,,,
,,,
,,,
,,,
,,,
,,,
,,,
,,,
,,,
,,,
,,,
,,,
,,,
,,,
,,,
,,,
,,,
,,,
,,,
,,,
,,,
,,,
,,,
,,,
,,,
,,,
,,,
,,,
,,,
,,,
,,,
,,,
,,,
,,,
,,,
,,,
,,,
,,,
,,,
,,,
,,,
,,,
,,,
,,,
,,,
,,,
,,,
,,,
,,,
,,,
,,,
,,,
,,,
,,,
,,,
,,,
,,,
,,,
,,,
,,,
,,,
,,,
,,,
,,,
,,,
,,,
,,,
,,,
,,,
,,,
,,,
,,,
,,,
,,,
,,,
,,,
,,,
,,,
,,,
,,,
,,,
,,,
,,,
,,,
,,,
,,,
,,,
,,,
,,,
,,,
,,,
,,,
,,,
,,,
,,,
,,,
,,,
,,,
,,,
,,,
,,,
,,,
,,,
,,,
,,,
,,,
,,,
,,,
,,,
,,,
,,,
,,,
,,,
,,,
,,,
,,,
,,,
,,,
,,,
,,,
,,,
,,,
,,,
,,,
,,,
,,,
,,,
,,,
,,,
,,,
,,,
,,,
,,,
,,,
,,,
,,,
,,,
,,,
,,,
,,,
,,,
,,,
,,,
,,,
,,,
,,,
,,,
,,,
,,,
,,,
,,,
,,,
,,,
,,,
,,,
,,,
,,,
,,,
,,,
,,,
,,,
,,,
,,,
,,,
,,,
,,,
,,,
,,,
,,,
,,,
,,,
,,,
,,,
,,,
,,,
,,,
,,,
,,,
,,,
,,,
,,,
,,,
,,,
,,,
,,,
,,,
,,,
,,,
,,,
,,,
,,,
,,,
,,,
,,,
,,,
,,,
,,,
,,,
,,,
,,,
,,,
,,,
,,,
,,,
,,,
,,,
,,,
,,,
,,,
,,,
,,,
,,,
,,,
,,,
,,,
,,,
,,,
,,,
,,,
,,,
,,,
,,,
,,,
,,,
,,,
,,,
,,,
,,,
,,,
,,,
,,,
,,,
,,,
,,,
,,,
,,,
,,,
,,,
,,,
,,,
,,,
,,,
,,,
,,,
,,,
,,,
,,,
,,,
,,,
,,,
,,,
,,,
,,,
,,,
,,,
,,,
,,,
,,,
,,,
,,,
,,,
,,,
,,,
,,,
,,,
,,,
,,,
,,,
,,,
,,,
,,,
,,,
,,,
,,,
,,,
,,,
,,,
,,,
,,,
,,,
,,,
,,,
,,,
,,,
,,,
,,,
,,,
,,,
,,,
,,,
,,,
,,,
,,,
,,,
,,,
,,,
,,,
,,,
,,,
,,,
,,,
,,,
,,,
,,,
,,,
,,,
,,,
,,,
,,,
,,,
,,,
,,,
,,,
,,,
,,,
,,,
,,,
,,,
,,,
,,,
,,,
,,,
,,,
,,,
,,,
,,,
,,,
,,,
,,,
,,,
,,,
,,,
,,,
,,,
,,,
,,,
,,,
,,,
,,,
,,,
,,,
,,,
,,,
,,,
,,,
,,,
,,,
,,,
,,,
,,,
,,,
,,,
,,,
,,,
,,,
,,,
,,,
,,,
,,,
,,,
,,,
,,,
,,,
,,,
,,,
,,,
,,,
,,,
,,,
,,,
,,,
,,,
,,,
,,,
,,,
,,,
,,,
,,,
,,,
,,,
,,,
,,,
,,,
,,,
,,,
,,,
,,,
,,,
,,,
,,,
,,,
,,,
,,,
,,,
,,,
,,,
,,,
,,,
,,,
,,,
,,,
,,,
,,,
,,,
,,,
,,,
,,,
,,,
,,,
,,,
,,,
,,,
,,,
,,,
,,,
,,,
,,,
,,,
,,,
,,,
,,,
,,,
,,,
,,,
,,,
,,,
,,,
,,,
,,,
,,,
,,,
,,,
,,,
,,,
,,,
,,,
,,,
,,,
,,,
,,,
,,,
,,,
,,,
,,,
,,,
,,,
,,,
,,,
,,,
,,,
,,,
,,,
,,,
,,,
,,,
,,,
,,,
,,,
,,,
,,,
,,,
,,,
,,,
,,,
,,,
,,,
,,,
,,,
,,,
,,,
,,,
,,,
,,,
,,,
,,,
,,,
,,,
,,,
,,,
,,,
,,,
,,,
,,,
,,,
,,,
,,,
,,,
,,,
,,,
,,,
,,,
,,,
,,,
,,,
,,,
,,,
,,,
,,,
,,,
,,,
,,,
,,,
,,,
,,,
,,,
,,,
,,,
,,,
,,,
,,,
,,,
,,,
,,,
,,,
,,,
,,,
,,,
,,,
,,,
,,,
,,,
,,,
,,,
,,,
,,,
,,,
,,,
,,,
,,,
,,,
,,,
,,,
,,,
,,,
,,,
,,,
,,,
,,,
,,,
,,,
,,,
,,,
,,,
,,,
,,,
,,,
,,,
,,,
,,,
,,,
,,,
,,,
,,,
,,,
,,,
,,,
,,,
,,,
,,,
,,,
,,,
,,,
,,,
,,,
,,,
,,,
,,,
,,,
,,,
,,,
,,,
,,,
,,,
,,,
,,,
,,,
,,,
,,,
,,,
,,,
,,,
,,,
,,,
,,,
,,,
,,,
,,,
,,,
,,,
,,,
,,,
,,,
,,,
,,,
,,,
,,,
,,,
,,,
,,,
,,,
,,,
,,,
,,,
,,,
,,,
,,,
,,,
,,,
,,,
,,,
,,,
,,,
,,,
,,,
,,,
,,,
,,,
,,,
,,,
,,,
,,,
,,,
,,,
,,,
,,,
,,,
,,,
,,,
,,,
,,,
,,,
,,,
,,,
,,,
,,,
,,,
,,,
,,,
,,,
,,,
,,,
,,,
,,,
,,,
,,,
,,,
,,,
,,,
,,,
,,,
,,,
,,,
,,,
,,,
,,,
,,,
,,,
,,,
,,,
,,,
,,,
,,,
,,,
,,,
,,,
,,,
,,,
,,,
,,,
,,,
,,,
,,,
,,,
,,,
,,,
,,,
,,,
,,,
,,,
,,,
,,,
,,,
,,,
,,,
,,,
,,,
,,,
,,,
,,,
,,,
,,,
,,,
,,,
,,,
,,,
,,,
,,,
,,,
,,,
,,,
,,,
,,,
,,,
,,,
,,,
,,,
,,,
,,,
,,,
,,,
,,,
,,,
,,,
,,,
,,,
,,,
,,,
,,,
,,,
,,,
,,,
,,,
,,,
,,,
,,,
,,,
,,,
,,,
,,,
,,,
,,,
,,,
,,,
,,,
,,,
,,,
,,,
,,,
,,,
,,,
,,,
,,,
,,,
,,,
,,,
,,,
,,,
,,,
,,,
,,,
,,,
,,,
,,,
,,,
,,,
,,,
,,,
,,,
,,,
,,,
,,,
,,,
,,,
,,,
,,,
,,,
,,,
,,,
,,,
,,,
,,,
,,,
,,,
,,,
,,,
,,,
,,,
,,,
,,,
,,,
,,,
,,,
,,,
,,,
,,,
,,,
,,,
,,,
,,,
,,,
,,,
,,,
,,,
,,,
,,,
,,,
,,,
,,,
,,,
,,,
,,,
,,,
,,,
,,,
,,,
,,,
,,,
,,,
,,,
,,,
,,,
,,,
,,,
,,,
,,,
,,,
,,,
,,,
,,,
,,,
,,,
,,,
,,,
,,,
,,,
,,,
,,,
,,,
,,,
,,,
,,,
,,,
,,,
,,,
,,,
,,,
,,,
,,,
,,,
,,,
,,,
,,,
,,,
,,,
,,,
,,,
,,,
,,,
,,,
,,,
,,,
,,,
,,,
,,,
,,,
,,,
,,,
,,,
,,,
,,,
,,,
,,,
,,,
,,,
,,,
,,,
,,,
,,,
,,,
,,,
,,,
,,,
,,,
,,,
,,,
,,,
,,,
,,,
,,,
,,,
,,,
,,,
,,,
,,,
,,,
,,,
,,,
,,,
,,,
,,,
,,,
,,,
,,,
,,,
,,,
,,,
,,,
,,,
,,,
,,,
,,,
,,,
,,,
,,,
,,,
,,,
,,,
,,,
,,,
,,,
,,,
,,,
,,,
,,,
,,,
,,,
,,,
,,,
,,,
,,,
,,,
,,,
,,,
,,,
,,,
,,,
,,,
,,,
,,,
,,,
,,,
,,,
,,,
,,,
,,,
,,,
,,,
,,,
,,,
,,,
,,,
,,,
,,,
,,,
,,,
,,,
,,,
,,,
,,,
,,,
,,,
,,,
,,,
,,,
,,,
,,,
,,,
,,,
,,,
,,,
,,,
,,,
,,,
,,,
,,,
,,,
,,,
,,,
,,,
,,,
,,,
,,,
,,,
,,,
,,,
,,,
,,,
,,,
,,,
,,,
,,,
,,,
,,,
,,,
,,,
,,,
,,,
,,,
,,,
,,,
,,,
,,,
,,,
,,,
,,,
,,,
,,,
,,,
,,,
,,,
,,,
,,,
,,,
,,,
,,,
,,,
,,,
,,,
,,,
,,,
,,,
,,,
,,,
,,,
,,,
,,,
,,,
,,,
,,,
,,,
,,,
,,,
,,,
,,,
,,,
,,,
,,,
,,,
,,,
,,,
,,,
,,,
,,,
,,,
,,,
,,,
,,,
,,,
,,,
,,,
,,,
,,,
,,,
,,,
,,,
,,,
,,,
,,,
,,,
,,,
,,,
,,,
,,,
,,,
,,,
,,,
,,,
,,,
,,,
,,,
,,,
,,,
,,,
,,,
,,,
,,,
,,,
,,,
,,,
,,,
,,,
,,,
,,,
,,,
,,,
,,,
,,,
,,,
,,,
,,,
,,,
,,,
,,,
,,,
,,,
,,,
,,,
,,,
,,,
,,,
,,,
,,,
,,,
,,,
,,,
,,,
,,,
,,,
,,,
,,,
,,,
,,,
,,,
,,,
,,,
,,,
,,,
,,,
,,,
,,,
,,,
,,,
,,,
,,,
,,,
,,,
,,,
,,,
,,,
,,,
,,,
,,,
,,,
,,,
,,,
,,,
,,,
,,,
,,,
,,,
,,,
,,,
,,,
,,,
,,,
,,,
,,,
,,,
,,,
,,,
,,,
,,,
,,,
,,,
,,,
,,,
,,,
,,,
,,,
,,,
,,,
,,,
,,,
,,,
,,,
,,,
,,,
,,,
,,,
,,,
,,,
,,,
,,,
,,,
,,,
,,,
,,,
,,,
,,,
,,,
,,,
,,,
,,,
,,,
,,,
,,,
,,,
,,,
,,,
,,,
,,,
,,,
,,,
,,,
,,,
,,,
,,,
,,,
,,,
,,,
,,,
,,,
,,,
,,,
,,,
,,,
,,,
,,,
,,,
,,,
,,,
,,,
,,,
,,,
,,,
,,,
,,,
,,,
,,,
,,,
,,,
,,,
,,,
,,,
,,,
,,,
,,,
,,,
,,,
,,,
,,,
,,,
,,,
,,,
,,,
,,,
,,,
,,,
,,,
,,,
,,,
,,,
,,,
,,,
,,,
,,,
,,,
,,,
,,,
,,,
,,,
,,,
,,,
,,,
,,,
,,,
,,,
,,,
,,,
,,,
,,,
,,,
,,,
,,,
,,,
,,,
,,,
,,,
,,,
,,,
,,,
,,,
,,,
,,,
,,,
,,,
,,,
,,,
,,,
,,,
,,,
,,,
,,,
,,,
,,,
,,,
,,,
,,,
,,,
,,,
,,,
,,,
,,,
,,,
,,,
,,,
,,,
,,,
,,,
,,,
,,,
,,,
,,,
,,,
,,,
,,,
,,,
,,,
,,,
,,,
,,,
,,,
,,,
,,,
,,,
,,,
,,,
,,,
,,,
,,,
,,,
,,,
,,,
,,,
,,,
,,,
,,,
,,,
,,,
,,,
,,,
,,,
,,,
,,,
,,,
,,,
,,,
,,,
,,,
,,,
,,,
,,,
,,,
,,,
,,,
,,,
,,,
,,,
,,,
,,,
,,,
,,,
,,,
,,,
,,,
,,,
,,,
,,,
,,,
,,,
,,,
,,,
,,,
,,,
,,,
,,,
,,,
,,,
,,,
,,,
,,,
,,,
,,,
,,,
,,,
,,,
,,,
,,,
,,,
,,,
,,,
,,,
,,,
,,,
,,,
,,,
,,,
,,,
,,,
,,,
,,,
,,,
,,,
,,,
,,,
,,,
,,,
,,,
,,,
,,,
,,,
,,,
,,,
,,,
,,,
,,,
,,,
,,,
,,,
,,,
,,,
,,,
,,,
,,,
,,,
,,,
,,,
,,,
,,,
,,,
,,,
,,,
,,,
,,,
,,,
,,,
,,,
,,,
,,,
,,,
,,,
,,,
,,,
,,,
,,,
,,,
,,,
,,,
,,,
,,,
,,,
,,,
,,,
,,,
,,,
,,,
,,,
,,,
,,,
,,,
,,,
,,,
,,,
,,,
,,,
,,,
,,,
,,,
,,,
,,,
,,,
,,,
,,,
,,,
,,,
,,,
,,,
,,,
,,,
,,,
,,,
,,,
,,,
,,,
,,,
,,,
,,,
,,,
,,,
,,,
,,,
,,,
,,,
,,,
,,,
,,,
,,,
,,,
,,,
,,,
,,,
,,,
,,,
,,,
,,,
,,,
,,,
,,,
,,,
,,,
,,,
,,,
,,,
,,,
,,,
,,,
,,,
,,,
,,,
,,,
,,,
,,,
,,,
,,,
,,,
,,,
,,,
,,,
,,,
,,,
,,,
,,,
,,,
,,,
,,,
,,,
,,,
,,,
,,,
,,,
,,,
,,,
,,,
,,,
,,,
,,,
,,,
,,,
,,,
,,,
,,,
,,,
,,,
,,,
,,,
,,,
,,,
,,,
,,,
,,,
,,,
,,,
,,,
,,,
,,,
,,,
,,,
,,,
,,,
,,,
,,,
,,,
,,,
,,,
,,,
,,,
,,,
,,,
,,,
,,,
,,,
,,,
,,,
,,,
,,,
,,,
,,,
,,,
,,,
,,,
,,,
,,,
,,,
,,,
,,,
,,,
,,,
,,,
,,,
,,,
,,,
,,,
,,,
,,,
,,,
,,,
,,,
,,,
,,,
,,,
,,,
,,,
,,,
,,,
,,,
,,,
,,,
,,,
,,,
,,,
,,,
,,,
,,,
,,,
,,,
,,,
,,,
,,,
,,,
,,,
,,,
,,,
,,,
,,,
,,,
,,,
,,,
,,,
,,,
,,,
,,,
,,,
,,,
,,,
,,,
,,,
,,,
,,,
,,,
,,,
,,,
,,,
,,,
,,,
,,,
,,,
,,,
,,,
,,,
,,,
,,,
,,,
,,,
,,,
,,,
,,,
,,,
,,,
,,,
,,,
,,,
,,,
,,,
,,,
,,,
,,,
,,,
,,,
,,,
,,,
,,,
,,,
,,,
,,,
,,,
,,,
,,,
,,,
,,,
,,,
,,,
,,,
,,,
,,,
,,,
,,,
,,,
,,,
,,,
,,,
,,,
,,,
,,,
,,,
,,,
,,,
,,,
,,,
,,,
,,,
,,,
,,,
,,,
,,,
,,,
,,,
,,,
,,,
,,,
,,,
,,,
,,,
,,,
,,,
,,,
,,,
,,,
,,,
,,,
,,,
,,,
,,,
,,,
,,,
,,,
,,,
,,,
,,,
,,,
,,,
,,,
,,,
,,,
,,,
,,,
,,,
,,,
,,,
,,,
,,,
,,,
,,,
,,,
,,,
,,,
,,,
,,,
,,,
,,,
,,,
,,,
,,,
,,,
,,,
,,,
,,,
,,,
,,,
,,,
,,,
,,,
,,,
,,,
,,,
,,,
,,,
,,,
,,,
,,,
,,,
,,,
,,,
,,,
,,,
,,,
,,,
,,,
,,,
,,,
,,,
,,,
,,,
,,,
,,,
,,,
,,,
,,,
,,,
,,,
,,,
,,,
,,,
,,,
,,,
,,,
,,,
,,,
,,,
,,,
,,,
,,,
,,,
,,,
,,,
,,,
,,,
,,,
,,,
,,,
,,,
,,,
,,,
,,,
,,,
,,,
,,,
,,,
,,,
,,,
,,,
,,,
,,,
,,,
,,,
,,,
,,,
,,,
,,,
,,,
,,,
,,,
,,,
,,,
,,,
,,,
,,,
,,,
,,,
,,,
,,,
,,,
,,,
,,,
,,,
,,,
,,,
,,,
,,,
,,,
,,,
,,,
,,,
,,,
,,,
,,,
,,,
,,,
,,,
,,,
,,,
,,,
,,,
,,,
,,,
,,,
,,,
,,,
,,,
,,,
,,,
,,,
,,,
,,,
,,,
,,,
,,,
,,,
,,,
,,,
,,,
,,,
,,,
,,,
,,,
,,,
,,,
,,,
,,,
,,,
,,,
,,,
,,,
,,,
,,,
,,,
,,,
,,,
,,,
,,,
,,,
,,,
,,,
,,,
,,,
,,,
,,,
,,,
,,,
,,,
,,,
,,,
,,,
,,,
,,,
,,,
,,,
,,,
,,,
,,,
,,,
,,,
,,,
,,,
,,,
,,,
,,,
,,,
,,,
,,,
,,,
,,,
,,,
,,,
,,,
,,,
,,,
,,,
,,,
,,,
,,,
,,,
,,,
,,,
,,,
,,,
,,,
,,,
,,,
,,,
,,,
,,,
,,,
,,,
,,,
,,,
,,,
,,,
,,,
,,,
,,,
,,,
,,,
,,,
,,,
,,,
,,,
,,,
,,,
,,,
,,,
,,,
,,,
,,,
,,,
,,,
,,,
,,,
,,,
,,,
,,,
,,,
,,,
,,,
,,,
,,,
,,,
,,,
,,,
,,,
,,,
,,,
,,,
,,,
,,,
,,,
,,,
,,,
,,,
,,,
,,,
,,,
,,,
,,,
,,,
,,,
,,,
,,,
,,,
,,,
,,,
,,,
,,,
,,,
,,,
,,,
,,,
,,,
,,,
,,,
,,,
,,,
,,,
,,,
,,,
,,,
,,,
,,,
,,,
,,,
,,,
,,,
,,,
,,,
,,,
,,,
,,,
,,,
,,,
,,,
,,,
,,,
,,,
,,,
,,,
,,,
,,,
,,,
,,,
,,,
,,,
,,,
,,,
,,,
,,,
,,,
,,,
,,,
,,,
,,,
,,,
,,,
,,,
,,,
,,,
,,,
,,,
,,,
,,,
,,,
,,,
,,,
,,,
,,,
,,,
,,,
,,,
,,,
,,,
,,,
,,,
,,,
,,,
,,,
,,,
,,,
,,,
,,,
,,,
,,,
,,,
,,,
,,,
,,,
,,,
,,,
,,,
,,,
,,,
,,,
,,,
,,,
,,,
,,,
,,,
,,,
,,,
,,,
,,,
,,,
,,,
,,,
,,,
,,,
,,,
,,,
,,,
,,,
,,,
,,,
,,,
,,,
,,,
,,,
,,,
,,,
,,,
,,,
,,,
,,,
,,,
,,,
,,,
,,,
,,,
,,,
,,,
,,,
,,,
,,,
,,,
,,,
,,,
,,,
,,,
,,,
,,,
,,,
,,,
,,,
,,,
,,,
,,,
,,,
,,,
,,,
,,,
,,,
,,,
,,,
,,,
,,,
,,,
,,,
,,,
,,,
,,,
,,,
,,,
,,,
,,,
,,,
,,,
,,,
,,,
,,,
,,,
,,,
,,,
,,,
,,,
,,,
,,,
,,,
,,,
,,,
,,,
,,,
,,,
,,,
,,,
,,,
,,,
,,,
,,,
,,,
,,,
,,,
,,,
,,,
,,,
,,,
,,,
,,,
,,,
,,,
,,,
,,,
,,,
,,,
,,,
,,,
,,,
,,,
,,,
,,,
,,,
,,,
,,,
,,,
,,,
,,,
,,,
,,,
,,,
,,,
,,,
,,,
,,,
,,,
,,,
,,,
,,,
,,,
,,,
,,,
,,,
,,,
,,,
,,,
,,,
,,,
,,,
,,,
,,,
,,,
,,,
,,,
,,,
,,,
,,,
,,,
,,,
,,,
,,,
,,,
,,,
,,,
,,,
,,,
,,,
,,,
,,,
,,,
,,,
,,,
,,,
,,,
,,,
,,,
,,,
,,,
,,,
,,,
,,,
,,,
,,,
,,,
,,,
,,,
,,,
,,,
,,,
,,,
,,,
,,,
,,,
,,,
,,,
,,,
,,,
,,,
,,,
,,,
,,,
,,,
,,,
,,,
,,,
,,,
,,,
,,,
,,,
,,,
,,,
,,,
,,,
,,,
,,,
,,,
,,,
,,,
,,,
,,,
,,,
,,,
,,,
,,,
,,,
,,,
,,,
,,,
,,,
,,,
,,,
,,,
,,,
,,,
,,,
,,,
,,,
,,,
,,,
,,,
,,,
,,,
,,,
,,,
,,,
,,,
,,,
,,,
,,,
,,,
,,,
,,,
,,,
,,,
,,,
,,,
,,,
,,,
,,,
,,,
,,,
,,,
,,,
,,,
,,,
,,,
,,,
,,,
,,,
,,,
,,,
,,,
,,,
,,,
,,,
,,,
,,,
,,,
,,,
,,,
,,,
,,,
,,,
,,,
,,,
,,,
,,,
,,,
,,,
,,,
,,,
,,,
,,,
,,,
,,,
,,,
,,,
,,,
,,,
,,,
,,,
,,,
,,,
,,,
,,,
,,,
,,,
,,,
,,,
,,,
,,,
,,,
,,,
,,,
,,,
